"Delete contact %{name}?","Borrar contacto %{name}?","AddressBook"
"Edit contact","Editar contacto","AddressBook"
"Delete contact","Borrar contacto","AddressBook"
"%{smart_count} address |||| %{smart_count} addresses","%{smart_count} dirección ||| %{smart_count} direcciones","AddressBook"
"New contact","Nuevo contacto","AddressBook"
"No information","No hay información","AddressBook"
"Delete","Borrar","AddressBook"
"Edit","Editar","AddressBook"
"NXS addresses","Direcciones NXS","AddressBook"
"My address for %{name}","Dirección Nexus para %{name}","AddressBook"
"%{name}'s Address","Dirección de %{name}","AddressBook"
"Contact info","Información de contacto","AddressBook"
"Nexus user ID","","AddressBook"
"Email","Correo electrónico","AddressBook"
"Phone Number","Número de teléfono","AddressBook"
"Local Time","Hora local","AddressBook"
"Notes","Notas","AddressBook"
"Address book","Libreta de direcciones","AddressBook"
"Your address book is empty","Su libreta de direcciones está vacía","AddressBook"
"Create new contact","Crear nuevo contacto","AddressBook"
"Search contact","Buscar contacto","AddressBook"
"Export contacts","Exportar contactos","AddressBook"
"Tritium Mode","Modo Tritium","Header"
"Lite","","Header"
"Hybrid","","Header"
"Wallet is staking","La billetera está generando intereses","Header"
"pooled","","Header"
"Stake Rate","Tasa de ganancia por stake","Header"
"Waiting for 100% synchronization to start staking...","Esperando sincronizar al 100% para iniciar staking...","Header"
"Wallet is not staking","La cartera no está generando intereses","Header"
"Synchronized","Sincronizado","Header"
"Synchronizing","Sincronización","Header"
"Blocks","","Header"
"Estimated %{time} remaining","","Header"
"%{smart_count} hour |||| %{smart_count} hours","","Header"
"%{smart_count} minute |||| %{smart_count} minutes","","Header"
"%{smart_count} second |||| %{smart_count} seconds","","Header"
"You're not logged in","No has iniciado sesión","Header"
"You are staking but have not received a block in 30 minutes!","","Header"
"Switching...","",""
"Active","",""
"Switch","",""
"Switch user","",""
"Closing Nexus Wallet","Cierre cartera Nexus",""
"Pre-Release Active","",""
"You are currenctly running a * version of the wallet. ","",""
"Thank you for testing our wallet, please ","",""
"Click here","",""
" To send feedback to the developers. ","",""
"Or join us on the offical ","",""
"Ok","",""
"Testnet Only Mode","",""
"You are currenctly running a Testnet only version of the wallet. ","",""
"The core will only connect to nexus-interactions.io:testnet1 ","",""
"Close","Cerrar",""
"Remote Core is disconnected","",""
"Connecting to Nexus Core...","Conectando al Núcleo Nexus...",""
"Nexus Core is stopped","El núcleo del Nexus está detenido",""
"Address has been copied to clipboard","La dirección se ha copiado al portapapeles",""
"Copy to clipboard","Copiar al portapapeles",""
"Click to copy to clipboard","Haga clic para copiar al portapapeles",""
"Show QR code","",""
"Log in","Iniciar sesión",""
"No Rows Found","No se encontraron filas",""
"Use virtual keyboard","",""
"<token_name></token_name> token","",""
"Unnamed token","Token sin nombre",""
"Start Nexus Core","Iniciar el Mortor de Nexus",""
"Stop Nexus Core","Detener el Motor de Nexus",""
"Quit Nexus","Salir de Nexus",""
"About","Acerca de",""
"Cut","Cortar",""
"Copy","Copia",""
"Paste","Pegar",""
"Core","Núcleo",""
"Application","Aplicación",""
"Key Management","Administrador de claves",""
"Style","Estilo",""
"Modules","Módulos",""
"Download Recent Database","Descargar Base de datos más reciente",""
"Cannot bootstrap recent database in manual mode","No se puede arrancar la base de datos reciente en modo manual",""
"Please wait for Nexus Core to start.","Por favor, espere a que el núcleo Nexus inicie.",""
"Reload wallet GUI","",""
"Toggle FullScreen","Cambiar a pantalla completa",""
"Toggle Developer Tools","Activar Herramientas de desarrollo",""
"Toggle Module's Developer Tools","Cambiar Herramientas de Desarrollador de Módulo",""
"Nexus Website","Sitio web de Nexus",""
"Nexus Git Repository","Repositorio de Nexus en GitHub",""
"Nexus Wallet Guide","Manual de usuario de billetera",""
"Report Bug","",""
"Open Core Data Folder","Abrir carpeta de datos del Motor",""
"Open Interface Data Folder","Abrir Carpeta de Interfaz",""
"Check for Updates...","Comprobar actualizaciones...",""
"There are currently no updates available","No se encontraron actualizaciones",""
"Checking for Updates...","Buscando actualizaciones...",""
"Update available! Downloading...","¡Actualización disponible! Descargando...",""
"Quit and install update...","Salir e instalar actualización...",""
"File","Archivo",""
"Edit","Editar",""
"Settings","Configuración",""
"View","Ver",""
"Help","Ayuda",""
"Error","Error",""
"Unknown error","Error desconocido",""
"Required!","",""
"Invalid!","",""
"Out of range!","",""
"Must be at least %{min} characters","",""
"Update available for %{smart_count} module |||| Updates available for %{smart_count} modules","",""
"Error fetching transactions","",""
"New transaction","Nueva transacción",""
"%{smart_count} day |||| %{smart_count} days","",""
"%{smart_count} hour |||| %{smart_count} hours","",""
"%{smart_count} minute |||| %{smart_count} minutes","",""
"%{smart_count} second |||| %{smart_count} seconds","",""
"Switch user","","Header.UserDropdown"
"Log in to another user","","Header.UserDropdown"
"Accounts","Cuentas","Header.UserDropdown"
"Tokens","Tokens","Header.UserDropdown"
"Set recovery phrase","Establecer frase de recuperación","Header.UserDropdown"
"Log out of all users","","Header.UserDropdown"
"Log out","Cerrar sesión","Header.UserDropdown"
"Log in","Iniciar sesión","Header.UserDropdown"
"Create new user","Crear nuevo usuario","Header.UserDropdown"
"Overview","Información general","NavigationBar"
"User","Usuario","NavigationBar"
"Send","Enviar","NavigationBar"
"Transactions","Transacciones","NavigationBar"
"Address Book","Libreta de direcciones","NavigationBar"
"Settings","Configuración","NavigationBar"
"Console","Consola","NavigationBar"
"Lite mode","","LiteModeNotice"
"Lite mode is now available on Nexus Wallet! You can choose to enable lite mode now or just ignore it. You can change your decision anytime under Settings/Core.","","LiteModeNotice"
"Why you might want to enable lite mode","","LiteModeNotice"
"Nexus Core would take less resources (memory and storage) to run","","LiteModeNotice"
"Synchronization would be much faster","","LiteModeNotice"
"Why you might NOT want to enable lite mode","","LiteModeNotice"
"You would NOT be able to mine or stake","","LiteModeNotice"
"Legacy Mode would be disabled","","LiteModeNotice"
"Ignore","Ignorar","LiteModeNotice"
"Enable lite mode","","LiteModeNotice"
"Token balances","","Overview"
"The balance displayed might not be up-to-date since the wallet is not yet fully synchronized","El saldo mostrado podría no estar actualizado ya que la billetera aún no está completamente sincronizada","Overview"
"Balance","Saldo","Overview"
"OTHER TOKENS","","Overview"
"NXS Balance","","Overview"
"%{token_name} balance","","Overview"
"This includes your unclaimed balance, unconfirmed balance and immature balance","","Overview"
"Incoming balances","Saldos entrantes","Overview"
"Connections","Conexiones","Overview"
"Last updated
%{time}","Última actualización %{time}","Overview"
"Block Count","Conteo de bloques","Overview"
"Market Price","Precio de mercado","Overview"
"Market Cap","Capital de mercado","Overview"
"24hr Change","Variación de precio en las últimas 24 Horas","Overview"
"Prime Difficulty","Dificultad Prime","Overview"
"Hash Difficulty","Dificultad Hash","Overview"
"Staking Difficulty","","Overview"
"Staking stats not yet available until you get a genesis transaction","","Overview"
"Stake Rate","Tasa de ganancia por stake","Overview"
"Block Weight","Peso de cada bloque","Overview"
"Trust Weight","Peso de confianza","Overview"
"Stake Weight","Peso de Stake","Overview"
"Invalid amount","Cantidad no válida","Send"
"%{currency} amount","","Send"
"Amount","Cantidad","Send"
"All","Todos","Send"
"Expires in","","Send"
"The amount of time since the transaction is created after which the transaction can no longer be credited by the recipient.","","Send"
"Days","","Send"
"Hours","","Send"
"Minutes","","Send"
"Seconds","","Send"
"Send","Enviar","Send"
"Cannot move to the same account","No se puede mover a la misma cuenta","Send"
"Source and recipient must be of the same token","","Send"
"Send to","Enviar a","Send"
"Recipient Name or Address","","Send"
"Your address book is empty","Su libreta de direcciones está vacía","Send"
"Create new contact","Crear nuevo contacto","Send"
"Recipient name cannot be resolved","","Send"
"Remove recipient","Eliminar destinatario","Send"
"Reference must be an unsigned integer","","Send"
"Reference","","Send"
"An optional number which may be provided by the recipient to identify this transaction from the others, e.g. invoice number, order number, etc.","","Send"
"Ref. number (optional)","","Send"
"Accounts","Cuentas","Send"
"Unnamed account","Cuenta sin nombre","Send"
"Tokens","Tokens","Send"
"Unnamed token","Token sin nombre","Send"
"Advanced options","","Send"
"Send from","Enviar desde","Send"
"Select an account","Seleccione una cuenta","Send"
"Add recipient","Agregar destinatario","Send"
"Proceed","","Send"
"Unnamed token","Token sin nombre","PreviewTransaction"
"Unnamed account","Cuenta sin nombre","PreviewTransaction"
"From","De","PreviewTransaction"
"To","Para","PreviewTransaction"
"Amount","Cantidad","PreviewTransaction"
"Reference","","PreviewTransaction"
"Expires","","PreviewTransaction"
"NO EXPIRY","","PreviewTransaction"
"Transaction never expires, and you won't be able to void it even if the recipient doesn't credit the transaction","","PreviewTransaction"
"in %{time_span}","","PreviewTransaction"
"You're sending","","PreviewTransaction"
"Transaction sent","Transacción enviada","PreviewTransaction"
"Error sending transaction","","PreviewTransaction"
"Enter your PIN to confirm","","PreviewTransaction"
"Sending transaction...","","PreviewTransaction"
"Send transaction","","PreviewTransaction"
"Select backup directory","Seleccionar directorio de copia de seguridad","Settings.Application"
"Backup directory","Directorio de copia de seguridad","Settings.Application"
"Browse","Explorar","Settings.Application"
"Turn module open source policy on?","¿Activar la política de código abierto de módulos?","Settings.Application"
"All modules without open source verifications, possibly including your own under-development modules, will become invalid. Wallet must be refreshed for the change to take effect.","Todos los módulos que no posean verificación de código abierto, incluyendo sus módulos de subdesarrollo, podrían invalidarse. La billetera debe ser refrezcada para que el cambio surta efecto.","Settings.Application"
"Turn module open source policy off?","¿Desactivar la política de código abierto de módulos?","Settings.Application"
"This is only for module developers and can be dangerous for
            regular users. Please make sure you know what you are doing!","","Settings.Application"
"It would be much easier for a closed source module to hide
            malicious code than for an open source one. Therefore, in case you
            still want to disable this setting, it is highly recommended that
            you only install and run closed source modules that you are
            developing yourself.","","Settings.Application"
"Turn policy off","Desactivar política","Settings.Application"
"Keep policy on","Mantener Política de módulos de código abierto","Settings.Application"
"Are you sure you want to disable auto update?","¿Está seguro de que desea desactivar la actualización automática?","Settings.Application"
"Keeping your wallet up-to-date is important for your security and will ensure that you get the best possible user experience.","Mantener su billetera actualizada es importante para su seguridad y garantizará que obtenga la mejor experiencia de usuario posible.","Settings.Application"
"Keep auto update On","Mantener la actualización automática activada","Settings.Application"
"Turn auto update Off","Desactivar la actualización automática","Settings.Application"
"Minimize on close","Minimizar al cerrar","Settings.Application"
"Minimize the wallet when closing the window instead of closing it.","Minimiza la billetera al cerrar la ventana en lugar de cerrarla.","Settings.Application"
"Open on startup","","Settings.Application"
"Open the wallet when ever the OS starts.","","Settings.Application"
"Auto update (Recommended)","Actualización automática (Recomendado)","Settings.Application"
"Automatically check for new versions and notify if a new version is available.","Buscar automáticamente nuevas versiones y notificar si hay una nueva versión disponible.","Settings.Application"
"Allow Pre-releases","","Settings.Application"
"Accept pre-release versions (e.g. alpha, beta) when checking for updates.","","Settings.Application"
"Send anonymous usage data","Enviar datos de uso anónimos","Settings.Application"
"Send anonymous usage data to allow the Nexus developers to improve the wallet.","Envía datos de uso anónimos para permitir que los desarrolladores de Nexus mejoren la billetera.","Settings.Application"
"Base currency","Divisa base","Settings.Application"
"Developer mode","Modo de desarrollador","Settings.Application"
"Development mode enables advanced features to aid in development. After enabling the wallet must be closed and reopened to enable those features.","El modo de desarrollo habilita funciones avanzadas para ayudar en el desarrollo. Después de habilitar la billetera debe cerrarse y volver a abrirse para habilitar esas funciones.","Settings.Application"
"Module open source policy","Política de código abierto del módulo","Settings.Application"
"Only modules which have valid open source repositories are allowed to be installed and run. You can disable this option to test run the modules that you're developing","Solo los módulos que tienen depósitos de código abierto válidos se pueden instalar y ejecutar. Puede desactivar esta opción para probar la ejecución de los módulos que está desarrollando","Settings.Application"
"Allow SymLink","Permitir enlaces simbólicos","Settings.Application"
"Allow the presence of SymLinks in the module directory","Permitir la presencia de enlaces simbólicos en el directorio de módulos","Settings.Application"
"Switch language?","","Settings.Application"
"Translations for %{language} are contributed by our amazing community members","","Settings.Application"
"Switch to %{language}","","Settings.Application"
"Cancel","Cancelar","Settings.Application"
"Language","Idioma","Settings.Application"
"Verbose level","Nivel detallado","Settings.Core"
"Verbose level for logs.","Nivel detallado para registros.","Settings.Core"
"Core Data Directory","","Settings.Core"
"Where the blockchain data and your legacy wallet.dat are stored","","Settings.Core"
"Clear peer connections","Limpiar conexiones","Settings.Core"
"Clear all stored peer connections and restart Nexus","Borrar todas las conexiones de contactos almacenadas y reiniciar Nexus","Settings.Core"
"Clear","Limpiar","Settings.Core"
"Lite mode","","Settings.Core"
"Nexus Core under lite mode runs lighter and synchronize much faster, but you will <b>NOT</b> be able to stake, mine, or switch the wallet to Legacy Mode.","","Settings.Core"
"Disabled when Multi-user mode is on","","Settings.Core"
"Resync database","","Settings.Core"
"Delete lite mode database and resynchronize from the beginning","","Settings.Core"
"Resynchronize","","Settings.Core"
"Multi-user","","Settings.Core"
"Allow multiple logged in users at the same time. Mining and staking will be unavailable.","","Settings.Core"
"Disabled when Lite mode is on","","Settings.Core"
"Enable staking","Habilitar replanteo","Settings.Core"
"Enable/Disable staking on the wallet.","Habilitar/Deshabilitar el replanteo en la cartera.","Settings.Core"
"Disabled when either Lite mode or Multi-user mode is on","","Settings.Core"
"Enable mining","Habilitar minería","Settings.Core"
"Enable/Disable mining to the wallet.","Habilitar/Deshabilitar la extracción en la cartera.","Settings.Core"
"Mining IP Whitelist","IP permitidas para minado","Settings.Core"
"IP/Ports allowed to mine to. Separate by <b>;</b> . Wildcards supported only in IP","IP / Puertos permitidos para minar. Separados por <b>;</b> . Wildcards compatibles sólo con IP","Settings.Core"
"Safe Mode","","Settings.Core"
"Enables NextHash verification to protect against corruption, but adds computation time.","","Settings.Core"
"Are you sure you want to disable Safe Mode","","Settings.Core"
"Testnet Iteration","Iteración de la red de prueba","Settings.Core"
"The iteration of Testnet to connect to. Leave it blank to connect to mainnet.","","Settings.Core"
"Private testnet","","Settings.Core"
"Private testnet runs locally on your machine","","Settings.Core"
"API SSL Port","","Settings.Core"
"Nexus API server SSL Port","","Settings.Core"
"Use non-SSL Ports","","Settings.Core"
"Connect to Nexus Core using non-SSL Ports (less secured)","","Settings.Core"
"API non-SSL Port","","Settings.Core"
"Nexus API server non-SSL Port","","Settings.Core"
"Advanced","","Settings.Core"
"Allow advanced core options","","Settings.Core"
"Core Flags","","Settings.Core"
"Pass these flags to the core on start","","Settings.Core"
"Reload transaction history","Ir al historial de transacciones","Settings.Core"
"Nexus Core will be restarted. Lite mode database will be deleted and resynchronized from the beginning.","","Settings.Core"
"Exit remote Core mode?","","Settings.Core"
"(This will restart your Core)","(Esta acción reiniciara su núcleo)","Settings.Core"
"Enter remote Core mode?","","Settings.Core"
"(Remote core will continue to run, but internal core will restart)","","Settings.Core"
"Core settings saved","Configuraciones principales guardadas","Settings.Core"
"Restarting Core...","Reiniciando el núcleo...","Settings.Core"
"Error saving settings","","Settings.Core"
"Embedded Core","","Settings.Core"
"Remote Core","","Settings.Core"
"Restart Core for these changes to take effect","Debe reiniciar núcleo para que estos cambios surtan efecto","Settings.Core"
"Save settings","Guardar cambios","Settings.Core"
"IP address","Dirección IP","Settings.Core"
"Remote Core IP address","","Settings.Core"
"API SSL","","Settings.Core"
"Use SSL for API calls","","Settings.Core"
"API Username","","Settings.Core"
"Nexus API server Username","","Settings.Core"
"API Password","","Settings.Core"
"Nexus API server Password","","Settings.Core"
"Log out on close","","Settings.Core"
"Log out of all users before closing the wallet","","Settings.Core"
"Settings","Configuración","Settings"
"Application","Aplicación","Settings"
"Core","Núcleo","Settings"
"Style","Estilo","Settings"
"Modules","Módulos","Settings"
"Select development module directory","","Settings.Modules"
"Your module is still in development? <link>Add a development module</link>","","Settings.Modules"
"Select module archive file","Seleccionar archivo de módulo","Settings.Modules"
"Select module directory","Seleccionar directorio de módulos","Settings.Modules"
"Add Module","Añadir módulo","Settings.Modules"
"Checking module","Comprobando módulo","Settings.Modules"
"Drop here to install","Soltar aquí para instalar","Settings.Modules"
"Select module's <file>archive file</file> or <dir>directory</dir>","Seleccione el archivo <file>del módulo</file> o <dir>el directorio</dir>","Settings.Modules"
"or drag and drop it here","o arrastrar y soltar los archivos aquí","Settings.Modules"
"Developed by Nexus","","Settings.Modules"
"Installed modules","","Settings.Modules"
"Failed to load %{moduleName}","","Settings.Modules"
"No modules have been installed","","Settings.Modules"
"Disable %{moduleName}?","¿Desactivar %{moduleName}?","Settings.Modules"
"Wallet will be automatically refreshed for the change to take effect","La billetera se actualizará automáticamente para que el cambio surta efecto","Settings.Modules"
"Enable %{moduleName}?","¿Habilitar %{moduleName}?","Settings.Modules"
"This module was built for an incompatible wallet version","","Settings.Modules"
"Module is not open source","El módulo no es Open Source","Settings.Modules"
"The provided repository is not verified to be the real source code of this module","El repositorio proporcionado no está verificado para ser el código real de este módulo","Settings.Modules"
"%{version} update available","","Settings.Modules"
"development","","Settings.Modules"
"Cancel download","","Settings.Modules"
"Downloading %{percentage}%...","","Settings.Modules"
"Install","","Settings.Modules"
"Failed to load module","","Settings.Modules"
"Overwrite module?","¿Sobreescribir módulo?","Settings.Modules"
"A module with the same directory name already exists","Ya hay un módulo con ese nombre, revise por favor","Settings.Modules"
"Module has been successfully installed","El módulo ha sido instalado correctamente","Settings.Modules"
"The wallet will now be refreshed for the new module to take effect","La billetera se actualizará para que el nuevo módulo surta efecto","Settings.Modules"
"Failed to install module","","Settings.Modules"
"Cannot find module","No se puede encontrar el módulo","Settings.Modules"
"Unsupported file type","Tipo de archivo no compatible","Settings.Modules"
"Cannot install from this location","","Settings.Modules"
"Directory has already been added","","Settings.Modules"
"Failed to load development module","","Settings.Modules"
"A module with the same name already exists","","Settings.Modules"
"Development module has been added","","Settings.Modules"
"Cannot find module archive file among assets","","Settings.Modules"
"Error downloading module","","Settings.Modules"
"Module Details","","ModuleDetails"
"Module name","Nombre del módulo","ModuleDetails"
"Display name","","ModuleDetails"
"Module type","Tipo de módulo","ModuleDetails"
"Description","","ModuleDetails"
"Author","Autor","ModuleDetails"
"Source code","","ModuleDetails"
"Visit repository","","ModuleDetails"
"Cancel download","","ModuleDetails"
"Downloading %{percentage}%...","","ModuleDetails"
"Install","","ModuleDetails"
"Remove module","","ModuleDetails"
"in development","","ModuleDetails"
"Entry","","ModuleDetails"
"Version","","ModuleDetails"
"Target wallet version","","ModuleDetails"
"incompatible","","ModuleDetails"
"This module is developed by Nexus","","ModuleDetails"
"This repository does not exist or is private","","ModuleDetails"
"This repository is not verified to be the real source code of this module","","ModuleDetails"
"Module hash","Hash del módulo","ModuleDetails"
"Update to %{version}","","ModuleDetails"
"View the release","","ModuleDetails"
"Open App","","ModuleDetails"
"Module is disallowed","","ModuleDetails"
"Installing Module...","","ModuleDetails"
"Install Module","","ModuleDetails"
"Warning: This module is written by a third party, Nexus is NOT
              responsible for its quality or legitimacy. Please make sure to do
              your due diligence before installing third party modules and use
              them with your own risk.","Advertencia: Este módulo está escrito por un tercero, Nexus NO es responsable de su calidad o legitimidad. Por favor asegúrese de revisar la fuente con antelación antes de instalar módulos de terceros ya que los está usarlos bajo su propio riesgo.","ModuleDetails"
"Select wallpaper","","Settings.Style"
"Starry night","","Settings.Style"
"Cosmic light","Cosmic light","Settings.Style"
"Nexus.io","","Settings.Style"
"Custom wallpaper","Fondo de pantalla personalizado","Settings.Style"
"Select a custom wallpaper","Seleccione un fondo de pantalla personalizado","Settings.Style"
"Select custom theme file","Seleccionar archivo de tema personalizado","Settings.Style"
"Theme exported","Tema exportado","Settings.Style"
"Render globe","Renderizar globo terraqueo","Settings.Style"
"Render the globe on the Overview page.","Representa el globo en la página de información general.","Settings.Style"
"Your computer does not support OPENGL 2.0","Su computadora no es compatible con OPENGL 2.0","Settings.Style"
"Overview Display","Visualization general","Settings.Style"
"Hide Overview balances","","Settings.Style"
"Hide the balances on the Overview page for privacy.","","Settings.Style"
"Nexus Addresses format","Formato de direcciones Nexus","Settings.Style"
"Choose your Nexus Address display preference","Elija la forma de presentación de la Dirección de Nexus","Settings.Style"
"Sample Address","Dirección de ejemplo","Settings.Style"
"Wallet theme","","Settings.Style"
"Background","Fondo","Settings.Style"
"Customize your background wallpaper","Personaliza tu fondo de pantalla de fondo","Settings.Style"
"Color scheme","Esquema de color","Settings.Style"
"Background Color","Color de fondo","Settings.Style"
"Foreground Color","Color de primer plano","Settings.Style"
"Primary Color","Color primario","Settings.Style"
"Primary Color Accent","Acento de color primario","Settings.Style"
"Danger Color","Color de las advertencias","Settings.Style"
"Danger Color Accent","Color del destacado de las advertencias","Settings.Style"
"Globe Color","Color del globo","Settings.Style"
"Globe Pillar Color","Color del pilar del globo","Settings.Style"
"Globe Arch Color","Color del arco del globo","Settings.Style"
"Import custom theme","Importar tema personalizado","Settings.Style"
"Export custom theme","Exportar tema personalizado","Settings.Style"
"Dark","Tema oscuro","Settings.Style"
"Light","Claro","Settings.Style"
"Custom","Personalizar","Settings.Style"
"Console","Consola","Console"
"Core output","Salida del núcleo","Console"
"CLI syntax","","Console.NexusAPI"
"URL syntax","","Console.NexusAPI"
"Execute","Ejecutar","Console.NexusAPI"
"API Documentation","Documentación de la API","Console.NexusAPI"
"Clear","Limpiar","Console.NexusAPI"
"Core is in Manual Mode","El núcleo está en modo manual","Console.CoreOutput"
"NXS balances","Saldos NXS","Transactions.Balances"
"Total","Total","Transactions.Balances"
"Available","Disponible","Transactions.Balances"
"The current balance across all NXS accounts that is available to be spent","El saldo actual en todas las cuentas NXS que está disponible para ser gastado","Transactions.Balances"
"Stake","Estaca","Transactions.Balances"
"The amount of NXS currently staked in the trust account","La cantidad de NXS actualmente haciendo stake en la cuenta trust","Transactions.Balances"
"Unclaimed","","Transactions.Balances"
"The sum of all debit and coinbase transactions made to your NXS accounts that are confirmed but have not yet been credited. This does NOT include immature and unconfirmed amounts","La suma de todas las transacciones de débito y coinbase realizadas a sus cuentas NXS que están confirmadas pero aún no han sido acreditadas. Esto NO incluye cantidades inmaduras y no confirmadas","Transactions.Balances"
"Unconfirmed","No confirmado","Transactions.Balances"
"The sum of all debit transactions made to your NXS accounts that are not confirmed, or credits you have made to your accounts that are not yet confirmed (not yet included in a block)","La suma de todas las transacciones de débito realizadas a sus cuentas NXS que no están confirmadas, o créditos que has hecho a tus cuentas que aún no están confirmados (no están incluidos en un bloque)","Transactions.Balances"
"Immature","Por confirmar","Transactions.Balances"
"The sum of all coinbase transactions that have not yet reached maturity","La suma de todas las transacciones de coinbase que aún no han alcanzado la madurez","Transactions.Balances"
"%{token_name} balances","","Transactions.Balances"
"Legacy transaction","Transacciones modo antiguo","Transactions"
"Coinbase transaction","Transacción en Coinbase","Transactions"
"View contract details","","Transactions"
"View transaction details","","Transactions"
"All","Todos","Transactions"
"Past Year","El año pasado","Transactions"
"Past Month","Mes pasado","Transactions"
"Past Week","Semana pasada","Transactions"
"Address","Dirección","Transactions"
"Search for account/token address","","Transactions"
"Select an address","","Transactions"
"Time span","Periodo","Transactions"
"Operation","Operación","Transactions"
"Transactions","Transacciones","Transactions"
"Loading transactions...","Cargando transacciones...","Transactions"
"Failed to load transactions","","Transactions"
"Previous","Anterior","Transactions"
"Page <page></page>","","Transactions"
"Next","Siguiente","Transactions"
"Accounts","Cuentas","SelectAddress"
"Unnamed account","Cuenta sin nombre","SelectAddress"
"Tokens","Tokens","SelectAddress"
"Contacts","","SelectAddress"
"My address for %{name}","Dirección Nexus para %{name}","SelectAddress"
"%{name}'s address","","SelectAddress"
"Unnamed account","Cuenta sin nombre","User.Accounts"
"Details","Detalles","User.Accounts"
"Rename","","User.Accounts"
"Transaction History","","User.Accounts"
"Create new account","Crear una cuenta nueva","User.Accounts"
"Account Details","Detalles de la cuenta","User.Accounts.AccountDetails"
"Account name","Nombre de la cuenta","User.Accounts.AccountDetails"
"Unnamed","","User.Accounts.AccountDetails"
"Created at","Fecha de creación","User.Accounts.AccountDetails"
"Last modified","Ultima modificación","User.Accounts.AccountDetails"
"Token","","User.Accounts.AccountDetails"
"Data","","User.Accounts.AccountDetails"
"Total account balance","Saldo total de la cuenta","User.Accounts.AccountDetails"
"Available balance","Balance disponible","User.Accounts.AccountDetails"
"Send %{token_name}","","User.Accounts.AccountDetails"
"Unclaimed balance","","User.Accounts.AccountDetails"
"Unconfirmed balance","Saldo no confirmado","User.Accounts.AccountDetails"
"Stake balance","Balance de stake","User.Accounts.AccountDetails"
"Immature balance","Saldo inmaduro","User.Accounts.AccountDetails"
"Address","Dirección","User.Accounts.AccountDetails"
"Adjust stake amount","Ajustar monto de stake","User.Accounts.AccountDetails"
"Trust Account is empty.","Cuenta de confianza está vacía.","User.Accounts.AccountDetails"
"Trust Account must mature for 72 hours before staking","La cuenta de confianza debe madurar por 72 horas antes de poder hacer stake","User.Accounts.AccountDetails"
"Time","Hora","User.Accounts.AccountHistory"
"Operation","Operación","User.Accounts.AccountHistory"
"From","De","User.Accounts.AccountHistory"
"staking","","User.Accounts.AccountHistory"
"mining","","User.Accounts.AccountHistory"
"To","Para","User.Accounts.AccountHistory"
"Change","Modificar","User.Accounts.AccountHistory"
"Account History","Historial de cuentas","User.Accounts.AccountHistory"
"Loading account history","Cargando historial de cuentas","User.Accounts.AccountHistory"
"Account balance","Saldo de la cuenta","User.Accounts.AccountHistory"
"Show %{tokenName}","Mostrar %{tokenName}","User.Accounts.AccountHistory"
"Total","Total","User.Accounts.AccountHistory"
"Available","Disponible","User.Accounts.AccountHistory"
"Unclaimed","","User.Accounts.AccountHistory"
"Unconfirmed","No confirmado","User.Accounts.AccountHistory"
"Stake","Estaca","User.Accounts.AccountHistory"
"Name already in use","","RenameAccount"
"The name you entered is already in use. Please choose another name.","","RenameAccount"
"Fee","Cuota","RenameAccount"
"Account has been renamed to %{account_name}","","RenameAccount"
"Rename account","","RenameAccount"
"Error renaming account","","RenameAccount"
"Account name","Nombre de la cuenta","RenameAccount"
"Cancel","Cancelar","RenameAccount"
"Renaming","","RenameAccount"
"Rename","","RenameAccount"
"Unnamed asset","","User.Assets"
"You own %{percentage}% of this asset","","User.Assets"
"Create new asset","","User.Assets"
"You don't own any asset","","User.Assets"
"Asset Details","","AssetDetails"
"Edit asset","","AssetDetails"
"Name","Nombre","AssetDetails"
"Address","Dirección","AssetDetails"
"Owner","","AssetDetails"
"Ownership","","AssetDetails"
"Created at","Fecha de creación","AssetDetails"
"Last modified","Ultima modificación","AssetDetails"
"View history","","AssetDetails"
"Tokenize","","AssetDetails"
"Transfer ownership","","AssetDetails"
"Name","Nombre","CreateAsset"
"Field name","","CreateAsset"
"Value","","CreateAsset"
"Field value","","CreateAsset"
"Mutable","","CreateAsset"
"Type","Tipo","CreateAsset"
"Max. length","","CreateAsset"
"Only applicable to mutable string fields","","CreateAsset"
"Unlimited","","CreateAsset"
"Remove field","","CreateAsset"
"Add field","","CreateAsset"
"Create a new asset","","CreateAsset"
"New asset has been created","","CreateAsset"
"Error creating asset","","CreateAsset"
"Asset name","","CreateAsset"
"A local Name object register will be created for this asset name","","CreateAsset"
"Asset name (optional)","","CreateAsset"
"Asset data","","CreateAsset"
"Estimated fee","","CreateAsset"
"Creating asset","","CreateAsset"
"Create asset","","CreateAsset"
"Asset History Event","","AssetHistoryDetails"
"Type","Tipo","AssetHistoryDetails"
"Time","Hora","AssetHistoryDetails"
"Owner","","AssetHistoryDetails"
"Checksum","","AssetHistoryDetails"
"Name","Nombre","AssetHistoryDetails"
"Address","Dirección","AssetHistoryDetails"
"Time","Hora","AssetHistory"
"Action","","AssetHistory"
"Register","","AssetHistory"
"Owner","","AssetHistory"
"Asset History","","AssetHistory"
"Loading asset history","","AssetHistory"
"Edit asset","","EditAsset"
"Asset has been updated","","EditAsset"
"Error updating asset","","EditAsset"
"Name","Nombre","EditAsset"
"Address","Dirección","EditAsset"
"Updating asset","","EditAsset"
"Update asset","","EditAsset"
"Tokenize asset","","TokenizeAsset"
"Asset has been tokenized","","TokenizeAsset"
"Error tokenizing asset","","TokenizeAsset"
"Asset name","","TokenizeAsset"
"Asset address","","TokenizeAsset"
"Token","","TokenizeAsset"
"Token address","","TokenizeAsset"
"Tokenizing asset","","TokenizeAsset"
"Transfer asset","","TransferAsset"
"Asset has been transferred","","TransferAsset"
"Error transferring asset","","TransferAsset"
"Asset name","","TransferAsset"
"Asset address","","TransferAsset"
"Transfer to","","TransferAsset"
"Recipient username or user ID","","TransferAsset"
"Transferring asset","","TransferAsset"
"User","Usuario","User"
"User ID","ID de usuario","User"
"Accounts","Cuentas","User"
"Staking","Generación de interés","User"
"Tokens","Tokens","User"
"Names","","User"
"Namespaces","","User"
"Assets","","User"
"Change password & PIN","Cambiar contraseña y PIN","User"
"Change recovery phrase","Cambiar frase de recuperación","User"
"Set recovery phrase","Establecer frase de recuperación","User"
"Start staking?","","User"
"You have %{amount} NXS in your trust account and can start staking now.","","User"
"However, keep in mind that if you start staking, your stake amount will be locked, and the smaller the amount is, the longer it would likely take to unlock it.","","User"
"To learn more about staking, visit <link>crypto.nexus.io/stake</link>.","","User"
"Don't show this again","","User"
"Start staking","","User"
"Don't stake","","User"
"User Failed to Unlock","","User"
"User Unlocked","","User"
"Indexing User...","","User"
"Change register address","","ChangeRegisterAddress"
"Name has been updated","","ChangeRegisterAddress"
"Error updating name","","ChangeRegisterAddress"
"Name","Nombre","ChangeRegisterAddress"
"Register address","","ChangeRegisterAddress"
"Register address that this name points to","","ChangeRegisterAddress"
"Name update fee","","ChangeRegisterAddress"
"Updating name","","ChangeRegisterAddress"
"Update name","","ChangeRegisterAddress"
"Local","","CreateName"
"Namespaced","","CreateName"
"Global","","CreateName"
"Namespace","","CreateName"
"A namespace you own","","CreateName"
"Name cannot start with a colon character","","CreateName"
"Create a new name","","CreateName"
"New name has been created","","CreateName"
"Error creating name","","CreateName"
"Name","Nombre","CreateName"
"name","","CreateName"
"namespace","","CreateName"
"Register address","","CreateName"
"Register address that this name points to","","CreateName"
"Name creation fee","","CreateName"
"Creating name","","CreateName"
"Create name","","CreateName"
"View name details","","User.Names"
"Change register address","","User.Names"
"Transfer name","","User.Names"
"Unused","","User.Names"
"Global","","User.Names"
"Namespaced","","User.Names"
"Local","","User.Names"
"Create new name","","User.Names"
"Show unused names","","User.Names"
"You don't own any name","","User.Names"
"Name Details","","NameDetails"
"Change register address","","NameDetails"
"Name","Nombre","NameDetails"
"Type","Tipo","NameDetails"
"Global","","NameDetails"
"Namespaced","","NameDetails"
"Local","","NameDetails"
"Namespace","","NameDetails"
"Address","Dirección","NameDetails"
"Points to","","NameDetails"
"Created at","Fecha de creación","NameDetails"
"Last modified","Ultima modificación","NameDetails"
"View history","","NameDetails"
"Transfer ownership","","NameDetails"
"Name History Event","","NameHistoryDetails"
"Type","Tipo","NameHistoryDetails"
"Time","Hora","NameHistoryDetails"
"Owner","","NameHistoryDetails"
"Checksum","","NameHistoryDetails"
"Name","Nombre","NameHistoryDetails"
"Namespace","","NameHistoryDetails"
"Address","Dirección","NameHistoryDetails"
"Points to","","NameHistoryDetails"
"Time","Hora","NameHistory"
"Action","","NameHistory"
"Register","","NameHistory"
"Owner","","NameHistory"
"Name History","","NameHistory"
"Loading name history","","NameHistory"
"Transfer name","","TransferName"
"Name has been transferred","","TransferName"
"Error transferring name","","TransferName"
"Name","Nombre","TransferName"
"Transfer to","","TransferName"
"Recipient username or user ID","","TransferName"
"Transferring name","","TransferName"
"Create a new namespace","","CreateNamespace"
"New namespace has been created","","CreateNamespace"
"Error creating namespace","","CreateNamespace"
"Name","Nombre","CreateNamespace"
"Namespace name","","CreateNamespace"
"Namespace names can only contain lowercase letters, numbers, and periods (.)","","CreateNamespace"
"Namespace creation fee","","CreateNamespace"
"Creating namespace","","CreateNamespace"
"Create namespace","","CreateNamespace"
"View name details","","User.Namespaces"
"Transfer namespace","","User.Namespaces"
"Create new namespace","","User.Namespaces"
"You don't own any namespace","","User.Namespaces"
"Namespace Details","","NamespaceDetails"
"Name","Nombre","NamespaceDetails"
"Address","Dirección","NamespaceDetails"
"Created at","Fecha de creación","NamespaceDetails"
"Last modified","Ultima modificación","NamespaceDetails"
"View history","","NamespaceDetails"
"Transfer ownership","","NamespaceDetails"
"Namespace History Event","","NamespaceHistoryDetails"
"Type","Tipo","NamespaceHistoryDetails"
"Time","Hora","NamespaceHistoryDetails"
"Owner","","NamespaceHistoryDetails"
"Checksum","","NamespaceHistoryDetails"
"Name","Nombre","NamespaceHistoryDetails"
"Address","Dirección","NamespaceHistoryDetails"
"Time","Hora","NamespaceHistory"
"Action","","NamespaceHistory"
"Register","","NamespaceHistory"
"Owner","","NamespaceHistory"
"Namespace History","","NamespaceHistory"
"Loading namespace history","","NamespaceHistory"
"Transfer namespace","","TransferNamespace"
"Namespace has been transferred","","TransferNamespace"
"Error transferring namespace","","TransferNamespace"
"Namespace","","TransferNamespace"
"Transfer to","","TransferNamespace"
"Recipient username or user ID","","TransferNamespace"
"Transferring namespace","","TransferNamespace"
"The current NXS balance of the trust account that is not staked. You can spend this amount without affecting your Trust Score","El saldo actual de NXS de la cuenta ""Trust"" que no está generando intereses. Puedes gastar esta cantidad sin afectar tu puntuación de ""Trust""","User.Staking"
"Balance that will be staked after the 72 holding period, any change to this balance will reset the hold timer","Corresponde al balance que genera interés, hay que esperar 72 horas, cualquier cambio en este saldo reiniciará el tiempo de espera","User.Staking"
"Trust balance empty!","","User.Staking"
"You must send some NXS to your <b>trust</b> account first","","User.Staking"
"Start staking","","User.Staking"
"In order to start staking, the following settings need to be changed:","","User.Staking"
"Lite mode needs to be turned OFF","","User.Staking"
"Multi-user needs to be turned OFF","","User.Staking"
"Enable staking needs to be turned ON","","User.Staking"
"Apply changes","","User.Staking"
"Cancel","Cancelar","User.Staking"
"Restarting Core","","User.Staking"
"Enter your PIN to start staking","","User.Staking"
"Staking will automatically start when your wallet is synchronized","","User.Staking"
"Error","Error","User.Staking"
"Stop staking?","","User.Staking"
"If you stop staking, stake amount will still stay locked. In case you want to unlock the stake amount, <link>set your stake amount to 0</link> and keep staking until the next Trust transaction is mined.","","User.Staking"
"Stop staking","","User.Staking"
"Staking is not available in private network","","User.Staking"
"Status","Estado","User.Staking"
"Staking","Generación de interés","User.Staking"
"pooled","","User.Staking"
"Not staking","No se encuentra haciendo staking","User.Staking"
"Stake amount (locked)","","User.Staking"
"The amount of NXS currently staked in the trust account","La cantidad de NXS actualmente haciendo stake en la cuenta trust","User.Staking"
"Pending change","Cambios pendientes","User.Staking"
"The pending stake amount change that will be applied on the next Trust transaction","El monto pendiente del stake que se aplicará en la próxima transacción de ""trust""","User.Staking"
"Requested at","","User.Staking"
"Expired in","Caducó el","User.Staking"
"Stake Rate","Tasa de ganancia por stake","User.Staking"
"The current annual reward rate earned for staking","La tasa de recompensa anual actual ganada por hacer staking","User.Staking"
"Trust Weight","Peso de confianza","User.Staking"
"The percentage of the maximum Trust Score, which is gradually built over time when you consistently operate your node in an honest, trustworthy, and timely manner","El porcentaje de la puntuación de confianza máxima, que se construye gradualmente con el tiempo cuando se utiliza consistentemente el nodo de una manera honesta, confiable y oportuna","User.Staking"
"Block Weight","Peso de cada bloque","User.Staking"
"Block Weight depends on the time passed since you received a Trust transaction and will be reset everytime you receive a Trust transaction. Otherwise, Block Weight will reach 100% after 3 days and your Trust Score will start decaying until you receive another Trust transaction","El peso del bloque depende del tiempo transcurrido desde que recibiste una transacción de confianza y se restablecerá cada vez que recibas una transacción de confianza. De lo contrario, el Peso del Bloque llegará al 100% después de 3 días y su Puntuación de Confianza comenzará a decaer hasta que reciba otra transacción de Confianza","User.Staking"
"Stake Weight","Peso de Stake","User.Staking"
"Stake Weight depends on Trust Weight and Block Weight. Along with your Stake amount, Stake Weight affects how frequent you receive a Trust transaction","El peso del consumo depende del peso de la confianza y del peso del bloque. Junto con su cantidad de de stake, el peso del stake afecta a la frecuencia con que recibes una transacción de confianza","User.Staking"
"Available Balance","Saldo Disponible","User.Staking"
"Adjust stake amount","Ajustar monto de stake","User.Staking"
"Account on hold for another %{stakeSeconds} Seconds","Cuenta en espera por otros %{stakeSeconds} segundos","User.Staking"
"Create new token","Crear nueva token","User.Tokens"
"Look up a token","","User.Tokens"
"Unnamed token","Token sin nombre","User.Tokens"
" (Owned by you)"," de tu propiedad","User.Tokens"
"Details","Detalles","User.Tokens"
"There is a %{tokenfee} NXS token creation fee, based on supply","","User.Tokens.NewToken"
"Must be an integer","","User.Tokens.NewToken"
"Supply cannot be zero or negative","","User.Tokens.NewToken"
"New Token","","User.Tokens.NewToken"
"Create a token without a name?","","User.Tokens.NewToken"
"Adding a name costs a NXS fee","","User.Tokens.NewToken"
"That's Ok","","User.Tokens.NewToken"
"Cancel","Cancelar","User.Tokens.NewToken"
"Add Name","","User.Tokens.NewToken"
"New token %{token} has been created","","User.Tokens.NewToken"
"You have successfully created token %{token} ! Would you like to make an account for this token?","","User.Tokens.NewToken"
"Yes","Sí","User.Tokens.NewToken"
"No","No","User.Tokens.NewToken"
"Error creating token","","User.Tokens.NewToken"
"Token name","Nombre del token","User.Tokens.NewToken"
"Name Creation Fee: %{tokenFee} NXS (Optional)","","User.Tokens.NewToken"
"New tokens's name","","User.Tokens.NewToken"
"Supply","","User.Tokens.NewToken"
"Max amount of tokens available","","User.Tokens.NewToken"
"Decimal","","User.Tokens.NewToken"
"Amount of significant digits a token can have","","User.Tokens.NewToken"
"Create token","","User.Tokens.NewToken"
"Look up token","","User.Tokens.SearchToken"
"Error searching for token","","User.Tokens.SearchToken"
"Unknown token name/address","","User.Tokens.SearchToken"
"Name or address","","User.Tokens.SearchToken"
"Token name/address","","User.Tokens.SearchToken"
"Look up","","User.Tokens.SearchToken"
"Token Details","","User.Tokens.TokenDetails"
"Token name","Nombre del token","User.Tokens.TokenDetails"
"Token address","","User.Tokens.TokenDetails"
"Created at","Fecha de creación","User.Tokens.TokenDetails"
"Last modified","Ultima modificación","User.Tokens.TokenDetails"
"Token Owner","","User.Tokens.TokenDetails"
"Current Supply","","User.Tokens.TokenDetails"
"Max Supply","","User.Tokens.TokenDetails"
"Decimals","","User.Tokens.TokenDetails"
"Balance","Saldo","User.Tokens.TokenDetails"
"Unclaimed balance","","User.Tokens.TokenDetails"
"Unconfirmed balance","Saldo no confirmado","User.Tokens.TokenDetails"
"Create new account with this token","","User.Tokens.TokenDetails"
"Close","Cerrar","User.Tokens.TokenDetails"
"Wallet version","","About"
"Wallet build date","","About"
"Nexus Core version","","About"
"Core build date","","About"
"Testnet","","About"
"Private blockchain","","About"
"Invalid address","Dirección no válida","AddEditContact"
"This is not one of your addresses.","Esta no es una de sus direcciones.","AddEditContact"
"This is one of your addresses.","Esta es una de sus direcciones.","AddEditContact"
"My Nexus address for %{name}","Mi dirección Nexus para %{name}","AddEditContact"
"My Nexus address","Mi dirección Nexus","AddEditContact"
"%{name}'s Nexus address","la dirección Nexus de %{name}","AddEditContact"
"Their Nexus address","Su dirección de Nexus","AddEditContact"
"Remove address","Eliminar dirección","AddEditContact"
"Label (optional)","Label (opcional)","AddEditContact"
"Invalid user ID","","AddEditContact"
"Invalid email","Correo electrónico no válido","AddEditContact"
"A contact with the same name already exists.","Ya existe un contacto con el mismo nombre.","AddEditContact"
"Edit contact","Editar contacto","AddEditContact"
"Create new contact","Crear nuevo contacto","AddEditContact"
"At least one address is required.","","AddEditContact"
"Contact has been updated","El contacto se ha actualizado","AddEditContact"
"New contact has been added to address book","Se ha agregado un nuevo contacto a la libreta de direcciones","AddEditContact"
"Name","Nombre","AddEditContact"
"Contact name","Nombre del contacto","AddEditContact"
"Nexus user ID","","AddEditContact"
"Email address","Dirección de correo electrónico","AddEditContact"
"Phone number","Número telefónico","AddEditContact"
"Time zone","","AddEditContact"
"Select a time zone","Seleccione una zona horaria","AddEditContact"
"Notes","Notas","AddEditContact"
"Cancel","Cancelar","AddEditContact"
"Reset","Restablecer","AddEditContact"
"Save changes","Guardar cambios","AddEditContact"
"Create","Crear","AddEditContact"
"Invalid number","","AdjustStake"
"Out of range","","AdjustStake"
"Set stake amount","","AdjustStake"
"Reduce stake amount?","","AdjustStake"
"Reducing stake amount might make your Stake Rate decrease","","AdjustStake"
"Stake amount has been updated","","AdjustStake"
"Error setting stake amount","","AdjustStake"
"Note: This change will not take effect immediately but will stay pending until you get the next Trust transaction. The pending change will be recorded locally in this machine, therefore if you switch to another machine for staking, the change will not take effect.","","AdjustStake"
"Cancel","Cancelar","AdjustStake"
"Backing up...","Creando la copia de seguridad...","Bootstrap"
"Preparing...","","Bootstrap"
"Downloading","","Bootstrap"
"Decompressing...","","Bootstrap"
"Stopping Core...","","Bootstrap"
"Moving...","Moviendo...","Bootstrap"
"Restarting Core...","Reiniciando el núcleo...","Bootstrap"
"Rescanning Wallet...","Escaneando nuevamente la billetera...","Bootstrap"
"Cleaning up...","","Bootstrap"
"Backing up your wallet...","Su billetera se esta respaldando...","Bootstrap"
"Downloading the database","","Bootstrap"
"Decompressing the database...","Descomprimiendo la base de datos...","Bootstrap"
"Stopping Nexus Core...","Deteniendo núcleo de Nexus...","Bootstrap"
"Moving the database...","Moviendo la base de datos...","Bootstrap"
"Restarting Nexus Core...","Reiniciando el demonio...","Bootstrap"
"Are you sure you want to abort the process?","¿Está seguro de que desea cancelar el proceso?","Bootstrap"
"Yes, abort","Sí, cancelar","Bootstrap"
"No, let it continue","No, dejar que continúe","Bootstrap"
"Bootstrap Recent Database","Descargar Base de datos más reciente","Bootstrap"
"Abort","Cancelar","Bootstrap"
"Can not Bootstrap on Testnet/Private networks.","","Bootstrap"
"Not enough disk space! Minimum 15GB of free space is required.","¡No hay suficiente espacio en disco! Se requiere un mínimo de 15GB de espacio libre.","Bootstrap"
"Download recent database?","Descargar Base de datos más reciente?","Bootstrap"
"Downloading a recent version of the database might reduce the time it takes to synchronize your wallet","Descargando una versión reciente de la base de datos puede reducir el tiempo que tarda en sincronizar su billetera","Bootstrap"
"Yes, let's bootstrap it","Sí, vamos a descargarlo","Bootstrap"
"No, let it sync","No, permitir sincronización","Bootstrap"
"Bootstrap process has been aborted","La descarga de la Base de datos ha sido cancelada","Bootstrap"
"Error bootstrapping recent database","Error al inicializar la base de datos reciente","Bootstrap"
"Unknown error","Error desconocido","Bootstrap"
"Recent database has been successfully bootstrapped","La base de datos ha sido cargada con éxito","Bootstrap"
"Change password and PIN","Cambiar contraseña y PIN","ChangePassword&PIN"
"Password & PIN have been updated","Contraseña y PIN han sido actualizados","ChangePassword&PIN"
"Error updating password & PIN","Error al actualizar la contraseña y PIN","ChangePassword&PIN"
"Current password","Contraseña actual","ChangePassword&PIN"
"Your current password","Su contraseña actual","ChangePassword&PIN"
"Current PIN","PIN actual","ChangePassword&PIN"
"Your current PIN","","ChangePassword&PIN"
"New Password","Nueva contraseña","ChangePassword&PIN"
"Enter your new password","Ingrese su nueva contraseña","ChangePassword&PIN"
"New PIN","Nuevo PIN","ChangePassword&PIN"
"Enter your new PIN","","ChangePassword&PIN"
"Updating","Actualizando","ChangePassword&PIN"
"Update","Actualizar","ChangePassword&PIN"
"Contract Details","Detalles del contrato","ContractDetails"
"View transaction details","","ContractDetails"
"Yes","Sí","ConfirmDialog"
"No","No","ConfirmDialog"
"Password/PIN mismatch","La contraseña/PIN no coincide","ConfirmPassword&PIN"
"You have entered either your password or your PIN incorrectly, please re-check","Ha introducido su contraseña o su PIN incorrectamente, por favor vuelva a intentarlo","ConfirmPassword&PIN"
"Confirm password and PIN","Confirmar contraseña y PIN","ConfirmPassword&PIN"
"Enter your new password & new PIN once again to make sure you have entered them correctly","Introduzca su nueva contraseña y nuevo PIN una vez más para asegurarse de que los ha introducido correctamente","ConfirmPassword&PIN"
"Enter your password & PIN once again to make sure you have entered them correctly","Introduzca su contraseña y PIN una vez más para asegurarse de que los ha introducido correctamente","ConfirmPassword&PIN"
"Password","Contraseña","ConfirmPassword&PIN"
"Re-enter your new password","Vuelva a introducir su nueva contraseña","ConfirmPassword&PIN"
"Re-enter your password","Vuelva a introducir su contraseña","ConfirmPassword&PIN"
"PIN","PIN","ConfirmPassword&PIN"
"Re-enter your new PIN","","ConfirmPassword&PIN"
"Re-enter your PIN","","ConfirmPassword&PIN"
"Confirm","Confirmar","ConfirmPassword&PIN"
"Dismiss","Descartar","ErrorDialog"
"Dismiss","Descartar","InfoDialog"
"Confirm","Confirmar","PinDialog"
"Enter PIN","","PinDialog"
"Your PIN","","PinDialog"
"Cancel","Cancelar","PinDialog"
"Dismiss","Descartar","SuccessDialog"
"Log in","Iniciar sesión","Login"
"Logged in as %{username}","Sesión iniciada como %{username}","Login"
"Not being fully synced may have caused this error.","","Login"
"Error logging in","Error al iniciar sesión","Login"
"Username","Nombre de usuario","Login"
"Enter your username","Ingresa tu nombre de usuario","Login"
"Password","Contraseña","Login"
"Enter your password","Escribe tu contraseña","Login"
"PIN","PIN","Login"
"Enter your PIN","","Login"
"Logging in","Iniciando sesión","Login"
"Forgot password?","¿ Olvidó la contraseña?","Login"
"Create new user","Crear nuevo usuario","Login"
"Create an account without a name?","","NewAccount"
"Adding a name costs a NXS fee","","NewAccount"
"That's Ok","","NewAccount"
"Cancel","Cancelar","NewAccount"
"Unknown token name/address","","NewAccount"
"New account","","NewAccount"
"New account %{account} has been created","","NewAccount"
"Error creating account","","NewAccount"
"Account name (Optional)","","NewAccount"
"New account's name","","NewAccount"
"Fee: %{nameFee} NXS","","NewAccount"
"Token name/address","","NewAccount"
"Creating account","","NewAccount"
"Create account","","NewAccount"
"Create new user","Crear nuevo usuario","NewUser"
"Error creating user","","NewUser"
"Username","Nombre de usuario","NewUser"
"A globally unique username","","NewUser"
"Password","Contraseña","NewUser"
"Enter your password","Escribe tu contraseña","NewUser"
"PIN","PIN","NewUser"
"Enter your PIN","","NewUser"
"Attention","","NewUser"
"Please be sure to make a note of your username, password, and PIN, and keep it in a safe place. If you lose or forget them you will be unable to access your account.","","NewUser"
"Creating user","","NewUser"
"Create user","","NewUser"
"Please wait, this may take up to 30 seconds","","NewUser"
"Log in","Iniciar sesión","NewUser"
"User <b>%{username}</b> has been successfully registered","","NewUser"
"Waiting for user registration to be confirmed on Nexus blockchain...","","NewUser"
"Recover password and PIN","","RecoverPassword&PIN"
"Password & PIN have been updated","Contraseña y PIN han sido actualizados","RecoverPassword&PIN"
"Error updating password & PIN","Error al actualizar la contraseña y PIN","RecoverPassword&PIN"
"Username","Nombre de usuario","RecoverPassword&PIN"
"Your username","","RecoverPassword&PIN"
"Recovery phrase","","RecoverPassword&PIN"
"Your recovery phrase","","RecoverPassword&PIN"
"New Password","Nueva contraseña","RecoverPassword&PIN"
"Enter your new password","Ingrese su nueva contraseña","RecoverPassword&PIN"
"New PIN","Nuevo PIN","RecoverPassword&PIN"
"Enter your new PIN","","RecoverPassword&PIN"
"Recovering password & PIN","","RecoverPassword&PIN"
"Recover password & PIN","","RecoverPassword&PIN"
"%{smart_count} word |||| %{smart_count} words","%{smart_count} palabra ||| de palabras %{smart_count}","SetRecoveryPhrase"
"Recovery phrase","","SetRecoveryPhrase"
"Recovery phrase has been updated","La frase de recuperación ha sido actualizada","SetRecoveryPhrase"
"Error setting recovery phrase","Error al establecer frase de recuperación","SetRecoveryPhrase"
"The recovery phrase can be used to recover your account and set a new password and PIN in the event that you lose or forget them. Your recovery phrase must be a minimum of 40 characters, and should ideally be made up of random words.","","SetRecoveryPhrase"
"<b>Save your new recovery phrase in a safe place</b>, because if you lose it, there will be <b>no way</b> to recover it.","","SetRecoveryPhrase"
"Password","Contraseña","SetRecoveryPhrase"
"Your current password","Su contraseña actual","SetRecoveryPhrase"
"PIN","PIN","SetRecoveryPhrase"
"Your current PIN","","SetRecoveryPhrase"
"Current recovery phrase","Frase de recuperación actual","SetRecoveryPhrase"
"Enter your recovery phrase","Introduzca su frase de recuperación","SetRecoveryPhrase"
"Generate a recovery phrase","Generar una frase de recuperación","SetRecoveryPhrase"
"New recovery phrase","Nueva frase de recuperación","SetRecoveryPhrase"
"Enter your new recovery phrase or click Generate","Introduzca su nueva frase de recuperación o haga clic en Generar","SetRecoveryPhrase"
"Setting recovery phrase","Establecer frase de recuperación","SetRecoveryPhrase"
"Set recovery phrase","Establecer frase de recuperación","SetRecoveryPhrase"
"Confirm recovery phrase","","SetRecoveryPhrase"
"Enter your new recovery phrase again","","SetRecoveryPhrase"
"Cancel","Cancelar","SetRecoveryPhrase"
"Recovery phrase confirmation doesn't match!","","SetRecoveryPhrase"
"Please make sure that you have a good backup of your recovery phrase and try again.","","SetRecoveryPhrase"
"Confirm","Confirmar","SetRecoveryPhrase"
"Error loading transaction","","TransactionDetails"
"Transaction Details","","TransactionDetails"
"Time","Hora","TransactionDetails"
"Sequence","Secuencia","TransactionDetails"
"Type","Tipo","TransactionDetails"
"Confirmations","Confirmaciones","TransactionDetails"
"Transaction ID","ID de transacción","TransactionDetails"
"Loading transaction details...","Cargando detalles de la transacción...","TransactionDetails"
"Close the wallet and install update now?","¿Cerrar la billetera y actualizar?","AutoUpdate"
"Close and install","Cerrar e instalar","AutoUpdate"
"Install it later","Instalar más tarde","AutoUpdate"
"New wallet version %{version} - Click here to download","Nueva versión de la billetera %{version} - Haga clic aquí para descargar","AutoUpdate"
"New wallet version %{version} - Click here to update","Nueva versión de la billetera %{version} - Haga clic aquí para actualizar","AutoUpdate"
"New wallet version %{version} available. Downloading...","Descargando la nueva versión %{version}...","AutoUpdate"
