Delete contact %{name}?,Contact %{name} verwijderen?,AddressBook
Edit contact,Contactgegevens Bewerken,AddressBook
Delete contact,Contact verwijderen,AddressBook
%{smart_count} address |||| %{smart_count} addresses,%{smart_count} adres |||| %{smart_count} adressen,AddressBook
New contact,Nieuw contact,AddressBook
No information,Geen informatie,AddressBook
Delete,Verwijderen,AddressBook
Edit,Bewerken,AddressBook
NXS addresses,NXS-adressen,AddressBook
My address for %{name},Mijn adres voor %{name},AddressBook
%{name}'s Address,%{name}'s Adres,AddressBook
Contact info,Contact Info,AddressBook
Email,E-mail,AddressBook
Phone Number,Telefoon nummer,AddressBook
Local Time,Locale Tijd,AddressBook
Notes,Notities,AddressBook
Address book,Adresboek,AddressBook
Your address book is empty,Uw adresboek is leeg,AddressBook
Create new contact,Nieuw contact maken,AddressBook
Search contact,Zoek Contactgegevens,AddressBook
My Addresses,Mijn Adressen,AddressBook
Export contacts,Exporteer Contactgegevens,AddressBook
Legacy Mode,Legacy modus,Header
Tritium Mode,Tritium modus,Header
Unknown login status,Onbekende login-status,Header
Wallet is not encrypted,Portemonnee is niet versleuteld,Header
Not logged in,Niet Aangemeld,Header
Logged in<if_timed> until %{unlockDate}</if_timed><if_minting_only> for staking & mining</if_minting_only>,Ingelogd van <if_timed> tot %{unlockDate}</if_timed><if_minting_only> voor staken & minen</if_minting_only>,Header
My Addresses,Mijn Adressen,Header
Wallet is staking,Portemonnee is aan het staken,Header
Stake Rate,Stake beloning,Header
Waiting for 100% synchronization to start staking...,Wachten op 100% synchronisatie van de blockchain om te kunnen starten met staken...,Header
Waiting for average age of balance to exceed 72 hours to start staking...,Aan het wachten tot de gemiddelde saldoleeftijd 72 uur overschrijdt zodat het staken kan beginnen...,Header
Wallet is not staking,Portemonnee is niet aan het staken,Header
Checking sync status,Sync status controleren,Header
Synchronizing,Synchroniseren,Header
Synchronized,Gesynchroniseerd,Header
pooled,,Header
You're not logged in,U bent niet ingelogd,Header
You are staking but have not received a block in 30 minutes!,,Header
Switching...,,
Active,,
Switch,,
Switch user,,
Closing Nexus Wallet,Sluiten van Nexus,
Warning,Waarschuwing,
IMPROPER USE OF THIS SOFTWARE COULD LEAD TO PERMANENT LOSS OF COIN.,VERKEERD GEBRUIK VAN DEZE SOFTWARE KAN LEIDEN TOT HET PERMANENT VERLIEZEN VAN COINS.,
BACKUP YOUR WALLET OFTEN AND KEEP YOUR PASSWORDS SAFE.,Maak bij regelmaakt een backup en hou uw wachtwoord veilig.,
I understand the risk,Ik begrijp het risico,
Close,Gesloten,
Remote Core is disconnected,,
Connecting to Nexus Core...,Verbinding maken met Nexus Core...,
Nexus Core is stopped,Nexus Core is gestopt,
Address has been copied to clipboard,Adres is gekopieerd naar het klembord,
Copy to clipboard,Kopieer naar klembord,
Click to copy to clipboard,Klik om naar klembord te kopiëren,
Show QR code,,
Log in,Inloggen,
No Rows Found,Geen rijen gevonden,
Page,Pagina,
rows,rijen,
Previous,Vorige,
Next,Volgende,
Use virtual keyboard,,
<token_name></token_name> token,,
Unnamed token,,
Switch to Legacy Mode,Overschakelen naar verouderde modus,
Are you sure you want to switch to Legacy Mode?,Weet u zeker dat u wilt overschakelen naar de Legacy modus?,
Switch to Tritium Mode,Overschakelen naar Tritium Modus,
Start Nexus Core,Start Nexus Core,
Stop Nexus Core,Stop Nexus Core,
Quit Nexus,Nexus sluiten,
About,Over,
Backup Wallet,Backup Wallet,
Nexus Core is not connected,Daemon Niet Geladen,
Wallet backed up,Backup van Portemonnee gelukt,
View Backups,Bekijk Back-ups,
Cut,Knippen,
Copy,Copiëren,
Paste,Plakken,
Core,Kern,
Application,Applicatie,
Key Management,Sleutelbeheer,
Style,Stijl,
Modules,Modules,
Download Recent Database,Recente database downloaden,
Cannot bootstrap recent database in manual mode,Kan recente database niet initialiseren in handmatige modus,
Please wait for Nexus Core to start.,Wacht tot Nexus Core start.,
Toggle FullScreen,Volledig Scherm aan/uit,
Toggle Developer Tools,Schakel Developer Tools in of uit,
Toggle Module's Developer Tools,Schakel Module's Developer Tools in of uit,
Nexus Website,Nexus Website,
Nexus Git Repository,Nexus Git repository,
Nexus Wallet Guide,Nexus Portemonneegids,
Open Core Data Folder,Open Core Data map,
Open Interface Data Folder,Open Interface Data map,
Check for Updates...,Controleren op updates...,
There are currently no updates available,Er zijn momenteel geen updates beschikbaar,
Checking for Updates...,Controleren op updates...,
Update available! Downloading...,Update beschikbaar! Downloaden...,
Quit and install update...,Afsluiten en update installeren...,
File,Bestand,
Edit,Bewerken,
Settings,Instellingen,
View,Weergave,
Help,Help,
Transaction received,Transactie Ontvangen,
Transaction sent,Transacti Verzonden,
Genesis transaction,Genesis Transactie,
Trust transaction,Trust Transactie,
Update available for %{smart_count} module |||| Updates available for %{smart_count} modules,,
New transaction,Nieuwe transactie,
Error,Fout,
Unknown error,Onbekende fout,
Accounts,Accounts,Header.UserDropdown
Tokens,Tokens,Header.UserDropdown
Set recovery phrase,Stel herstelzin in,Header.UserDropdown
Switch user,,Header.UserDropdown
Log in to another user,,Header.UserDropdown
Log out of all users,,Header.UserDropdown
Log out,Uitloggen,Header.UserDropdown
Log in,Inloggen,Header.UserDropdown
Create new user,Nieuwe gebruiker aanmaken,Header.UserDropdown
Overview,Overzicht,NavigationBar
User,Gebruiker,NavigationBar
Send NXS,Zend NXS,NavigationBar
Send,Verzenden,NavigationBar
Transactions,Transacties,NavigationBar
Address Book,Adresboek,NavigationBar
Settings,Instellingen,NavigationBar
Console,Console,NavigationBar
Lite mode,,LiteModeNotice
Lite mode is now available on Nexus Wallet! You can choose to enable lite mode now or just ignore it. You can change your decision anytime under Settings/Core.,,LiteModeNotice
Why you might want to enable lite mode,,LiteModeNotice
Nexus Core would take less resources (memory and storage) to run,,LiteModeNotice
Synchronization would be much faster,,LiteModeNotice
Why you might NOT want to enable lite mode,,LiteModeNotice
You would NOT be able to mine or stake,,LiteModeNotice
Legacy Mode would be disabled,,LiteModeNotice
Ignore,,LiteModeNotice
Enable lite mode,,LiteModeNotice
"Last updated
%{time}","Laatst bijgewerkt
%{time}",Overview
Getting next block...,Volgende Block ophalen...,Overview
Block Weight,Block Gewicht,Overview
Trust Weight,Trust Gewicht,Overview
Stake Weight,Stake Gewicht,Overview
Prime Difficulty,Prime moeilijkheidsgraad,Overview
Hash Difficulty,Hash Moeilijkheid,Overview
Stake Difficulty,Stake moeilijkheidsgraad,Overview
Balance,Balans,Overview
Transactions,Transacties,Overview
Market Price,Markt Prijs,Overview
24hr Change,24hr verandering,Overview
Connections,Verbindingen,Overview
Stake Rate,Stake beloning,Overview
Block Count,Block Totaal,Overview
The balance displayed might not be up-to-date since the wallet is not yet fully synchronized,De weergegeven balans is mogelijk niet up-to-date omdat de portemonnee nog niet volledig gesynchroniseerd is,Overview
Staking and mining rewards that need to get past 120 block-old to become available,Stake- en Minebeloningen die nodig zijn om ouder te worden dan 120 blokken voordat deze beschikbaar worden,Overview
Immature Balance,Ongeverifieerd saldo,Overview
Market Cap,Marktkapitalisatie,Overview
Available balance,Beschikbaar saldo,Overview
balance,Balans,Overview
"This includes your pending balance, unconfirmed balance and immature balance","Dit omvat uw wachtende saldo, onbevestigde saldo en onvolwassen saldo",Overview
Incoming balances,Binnenkomend saldo,Overview
NXS Amount,NXS Hoeveelheid,Send
Send all,Alles verzenden,Send
Send NXS,Zend NXS,Send
Move NXS between accounts,Verzend NXS tussen accounts,Send
You are not logged in,U bent niet ingelogd,Send
You need to log in to your wallet before sending transactions,U moet inloggen voordat u transacties kunt maken,Send
Log in now,Nu inloggen,Send
Move NXS,Verzend NXS,Send
From account,Van Account,Send
Select an account,Selecteer een Account,Send
To account,Naar Account,Send
No accounts selected,Geen accounts geselecteerd,Send
Cannot move to the same account,Kan niet naar hetzelfde account verplaatsen,Send
Invalid amount,Ongeldig Bedrag,Send
Invalid address,Ongeldig Adres,Send
This is an address registered to this wallet.,Dit is een adres geregistreerd op deze portemonnee.,Send
NXS moved successfully,NXS met succes verplaatst,Send
Error moving NXS,Fout bij verzenden van NXS,Send
Wallet password,Wachtwoord van portemonnee,Send
Enter your wallet password,Voer het wachtwoord van de portemonnee in,Send
Cancel,Annuleren,Send
Confirm,Bevestig,Send
Send to,Verzend Naar,Send
Recipient address,Adres van de ontvanger,Send
Your address book is empty,Uw adresboek is leeg,Send
Create new contact,Nieuw contact maken,Send
Remove recipient,Ontvanger verwijderen,Send
Add recipient,Voeg ontvanger toe,Send
Send transaction?,Transactie verzenden?,Send
Send To multiple recipients,Verzenden naar meerdere ontvangers,Send
Send from,Verzend Van,Send
Message,Bericht,Send
Enter your message,Voer uw bericht in,Send
Send,Verzenden,Send
There must be at least one recipient,Er moet ten minste één ontvanger zijn,Send
Address is required,Adres is verplicht,Send
Transaction sent,Transacti Verzonden,Send
Error sending NXS,Fout bij verzenden van NXS,Send
Reference,,Send
"An optional number which may be provided by the recipient to identify this transaction from the others, e.g. invoice number, order number, etc.",,Send
Reference number (optional),,Send
Expires in,,Send
"The amount of time since the transaction is created after which the transaction can no longer be credited by the recipient. By default, transactions will expire in 1 day (86400 seconds).",,Send
Days,,Send
Hours,,Send
Minutes,,Send
Seconds,,Send
Amount,,Send
Recipient Address/Name,Adres/naam van de ontvanger,Send
Accounts,Accounts,Send
Unnamed account,,Send
Tokens,Tokens,Send
Unnamed token,,Send
Unnamed,,Send
Invalid name/address,,Send
Advanced options,,Send
Address/Name is required,Adres/Naam is vereist,Send
Reference must be an unsigned integer,,Send
Number is too large,Getal is te groot,Send
Unnamed,,PreviewTransaction
%{smart_count} day |||| %{smart_count} days,,PreviewTransaction
%{smart_count} hour |||| %{smart_count} hours,,PreviewTransaction
%{smart_count} minute |||| %{smart_count} minutes,,PreviewTransaction
%{smart_count} second |||| %{smart_count} seconds,,PreviewTransaction
Preview Transaction,,PreviewTransaction
You're sending,,PreviewTransaction
From,,PreviewTransaction
To,,PreviewTransaction
Amount,,PreviewTransaction
Reference,,PreviewTransaction
Expires,,PreviewTransaction
Send transaction,,PreviewTransaction
Select backup directory,Selecteer back-up map,Settings.Application
Backup directory,Backup folder,Settings.Application
Browse,Blader,Settings.Application
Backup wallet,Backup portemonnee,Settings.Application
Wallet has been backed up,Portemonnee is geback-upt,Settings.Application
Connecting to Nexus Core,"Portemonnee laden, een ogenblik geduld",Settings.Application
Turn module open source policy on?,Schakel module open source beleid in?,Settings.Application
"All modules without open source verifications, possibly including your own under-development modules, will become invalid. Wallet must be refreshed for the change to take effect.","Alle modules zonder open source verificaties, mogelijk inclusief uw eigen onder ontwikkeling modules, zullen ongeldig worden. Wallet moet vernieuwd worden om de verandering in werking te laten treden.",Settings.Application
Turn module open source policy off?,Schakel module open source beleid uit?,Settings.Application
"This is only for module developers and can be dangerous for
              regular users. Please make sure you know what you are doing!","Dit is alleen voor moduleontwikkelaars en kan gevaarlijk zijn voor
              reguliere gebruikers. Zorg ervoor dat u weet wat u doet!",Settings.Application
"It would be much easier for a closed source module to hide
              malicious code than for an open source one. Therefore, in case you
              still want to disable this setting, it is highly recommended that
              you only install and run closed source modules that you are
              developing yourself.","Het is veel gemakkelijker voor een closed source module om kwaadaardige code te verbergen dan voor een open source module. Daarom, in het geval dat u deze optie wilt uitzetten, is het aangeraden dat u alleen closed source modules installeert die u zelf ontwikkelt.",Settings.Application
Turn policy off,Beleid uitschakelen,Settings.Application
Keep policy on,Behoud beleid,Settings.Application
Are you sure you want to disable auto update?,Weet u zeker dat u Auto Update wilt uitschakelen?,Settings.Application
Keeping your wallet up-to-date is important for your security and will ensure that you get the best possible user experience.,Het up-to-date houden van uw portemonnee is belangrijk voor uw veiligheid en zorgt voor de best mogelijke gebruikerservaring.,Settings.Application
Keep auto update On,Houd Auto Update aan,Settings.Application
Turn auto update Off,Schakel Auto Update uit,Settings.Application
Minimize on close,Minimaliseer Bij Sluiten,Settings.Application
Minimize the wallet when closing the window instead of closing it.,Minimaliseer de portemonnee bij het sluiten van het venster in plaats van het af te sluiten.,Settings.Application
Auto update (Recommended),Auto Update (Aanbevolen),Settings.Application
Automatically check for new versions and notify if a new version is available.,Automatisch controleren op nieuwe versies en melden als er een nieuwe versie beschikbaar is.,Settings.Application
Send anonymous usage data,Verzend anonieme gebruiksgegevens,Settings.Application
Send anonymous usage data to allow the Nexus developers to improve the wallet.,Verzend anonieme gebruiksgegevens zodat de Nexus ontwikkelaars de portemonnee kunnen verbeteren.,Settings.Application
Base currency,Basisvaluta,Settings.Application
Minimum confirmations,Minimum Bevestigingen,Settings.Application
Minimum amount of confirmations before a block is accepted. Local only.,Minimaal aantal bevestigingen voordat een blok wordt geaccepteerd. Alleen lokaal.,Settings.Application
Developer mode,Ontwikkelaarsmodus,Settings.Application
Development mode enables advanced features to aid in development. After enabling the wallet must be closed and reopened to enable those features.,"Ontwikkelingsmodus maakt geavanceerde functies mogelijk om te helpen bij ontwikkeling. Nadat u de portemonnee hebt ingeschakeld, moet deze worden gesloten en opnieuw worden geopend om deze functies in te schakelen.",Settings.Application
Module open source policy,Module open source beleid,Settings.Application
Only modules which have valid open source repositories are allowed to be installed and run. You can disable this option to test run the modules that you're developing,Alleen modules met geldige open source repositories mogen geïnstalleerd en uitgevoerd worden. U kunt deze optie uitschakelen om de modules die u aan het ontwikkelen bent uit te voeren,Settings.Application
Allow SymLink,SymLink toestaan,Settings.Application
Allow the presence of SymLinks in the module directory,De aanwezigheid van SymLinks in de module-directory toestaan,Settings.Application
Fake Test Transactions,Fictieve Test Transacties,Settings.Application
Display Test Transactions on the Transactions page,Test transacties op de Transactiepagina weergeven,Settings.Application
Language,Taal,Settings.Application
Exit remote Core mode?,,Settings.Core
(This will restart your Core),(Dit zal de back-end herstarten),Settings.Core
Enter remote Core mode?,,Settings.Core
Reload transaction history,Herlaad transactiegeschiedenis,Settings.Core
Clear peer connections,Alle verbindingen verbreken,Settings.Core
Resync database,,Settings.Core
Nexus Core will be restarted. Lite mode database will be deleted and resynchronized from the beginning.,,Settings.Core
Embedded Core,,Settings.Core
Remote Core,,Settings.Core
Lite mode,,Settings.Core
"Nexus Core under lite mode runs lighter and synchronize much faster, but you will <b>NOT</b> be able to stake, mine, or switch the wallet to Legacy Mode.",,Settings.Core
Multi-user,,Settings.Core
Allow multiple logged in users at the same time. Mining and staking will be unavailable.,,Settings.Core
Enable staking,Staking inschakelen,Settings.Core
Enable/Disable staking on the wallet.,Schakel staking aan / uit voor de portemonnee.,Settings.Core
Pooled staking,,Settings.Core
"Pooled staking is a decentralized and trust-less mechanism allowing you to use the balances of others to increase your chances of finding a stake block. All participants receive their staking rewards and build trust, regardless of which user mines the block. A small portion of each reward is paid to the block finder by all pool participants.",,Settings.Core
Enable mining,Mining inschakelen,Settings.Core
Enable/Disable mining to the wallet.,Schakel mining aan / uit voor de portemonnee.,Settings.Core
Mining IP Whitelist,Mining IP Whitelist,Settings.Core
IP/Ports allowed to mine to. Separate by <b>;</b> . Wildcards supported only in IP,IP/Ports toegestaan om te minen. Scheid door <b>;</b> . Wildcards worden alleen ondersteund via IP,Settings.Core
Verbose level,Verbose niveau,Settings.Core
Verbose level for logs.,Niveau voor logboek opnamen.,Settings.Core
Core Data Directory,,Settings.Core
Where the blockchain data and your legacy wallet.dat are stored,,Settings.Core
Testnet Iteration,,Settings.Core
The iteration of Testnet to connect to.,,Settings.Core
Turn Off,,Settings.Core
Avatar Mode,Avatar Modus,Settings.Core
Disabling Avatar will make the core use a separate change key,Door de Avatar uit te schakelen zal de kern een aparte veranderingssleutel gebruiken,Settings.Core
Rescan wallet,Herscan portemonnee,Settings.Core
"Used to correct transaction/balance issues, scans over every block in the database. Could take up to 10 minutes.",Gebruiken om transactie/saldo inconsistenties te corrigeren. scant elk blok in de database. Dit kan tot 10 minuten duren.,Settings.Core
Restart Nexus core with -walletclean parameter to clean out and reload all transaction history,,Settings.Core
Reload,,Settings.Core
Clear all stored peer connections and restart Nexus,Alle opgeslagen verbindingen wissen en daarna de Nexus-applicatie herstarten,Settings.Core
Clear,Leegmaken,Settings.Core
Delete lite mode database and resynchronize from the beginning,,Settings.Core
Resynchronize,,Settings.Core
IP address,IP Adres,Settings.Core
Remote Core IP address,,Settings.Core
API SSL,,Settings.Core
Use SSL for API calls,,Settings.Core
API Port,,Settings.Core
Nexus API server Port,,Settings.Core
API SSL Port,,Settings.Core
Nexus API server SSL Port,,Settings.Core
API Username,,Settings.Core
Nexus API server Username,,Settings.Core
API Password,,Settings.Core
Nexus API server Password,,Settings.Core
RPC SSL,,Settings.Core
Use SSL for RPC calls,,Settings.Core
RPC Port,,Settings.Core
Nexus RPC server Port,,Settings.Core
RPC SSL Port,,Settings.Core
Nexus RPC server SSL Port,,Settings.Core
RPC Username,,Settings.Core
Nexus RPC server Username,,Settings.Core
RPC Password,,Settings.Core
Nexus RPC server Password,,Settings.Core
Log out on close,,Settings.Core
Log out of all users before closing the wallet,,Settings.Core
Restart Core for these changes to take effect,,Settings.Core
Save settings,,Settings.Core
Verbose level is required,,Settings.Core
Remote Core IP is required,,Settings.Core
RPC port is required,,Settings.Core
RPC username is required,,Settings.Core
RPC password is required,,Settings.Core
API port is required,,Settings.Core
API username is required,,Settings.Core
API password is required,,Settings.Core
Core settings saved,Basis Instellingen Opgeslagen,Settings.Core
Restarting Core...,,Settings.Core
Error rescanning,Fout bij herscannen,Settings.Core
Rescanned successfully,,Settings.Core
Rescanning...,Opnieuw scannen...,Settings.Core
Settings,Instellingen,Settings
Application,Applicatie,Settings
Core,Kern,Settings
Security,Beveiliging,Settings
Style,Stijl,Settings
Modules,Modules,Settings
Select development module directory,,Settings.Modules
Your module is still in development? <link>Add a development module</link>,,Settings.Modules
Select module archive file,,Settings.Modules
Select module directory,,Settings.Modules
Add Module,Module toevoegen,Settings.Modules
Checking module,Controleren van module,Settings.Modules
Drop here to install,Sleep hier om te installeren,Settings.Modules
Select module's <file>archive file</file> or <dir>directory</dir>,,Settings.Modules
or drag and drop it here,,Settings.Modules
Failed to load %{moduleName},,Settings.Modules
Disable %{moduleName}?,%{moduleName} uitschakelen?,Settings.Modules
Wallet will be automatically refreshed for the change to take effect,,Settings.Modules
Enable %{moduleName}?,%{moduleName} inschakelen?,Settings.Modules
This module was built for an incompatible wallet version,,Settings.Modules
Module is not open source,Module is geen open source,Settings.Modules
The provided repository is not verified to be the real source code of this module,,Settings.Modules
%{version} update available,,Settings.Modules
development,,Settings.Modules
Failed to load module,,Settings.Modules
Overwrite module?,,Settings.Modules
A module with the same directory name already exists,Er bestaat reeds een module met dezelfde folder naam,Settings.Modules
Module has been successfully installed,Module is succesvol geïnstalleerd,Settings.Modules
The wallet will now be refreshed for the new module to take effect,,Settings.Modules
Error copying module files,Fout bij kopiëren modulebestanden,Settings.Modules
Cannot find module,Kan module niet vinden,Settings.Modules
Unsupported file type,,Settings.Modules
Cannot install from this location,,Settings.Modules
An unknown error occurred,Onbekende fout opgetreden,Settings.Modules
Directory has already been added,,Settings.Modules
Failed to load development module,,Settings.Modules
A module with the same name already exists,,Settings.Modules
Development module has been added,,Settings.Modules
Are you sure you want to log out?,Weet u zeker dat u wil uitloggen?,Settings.Security
Error logging out,Fout bij afmelden,Settings.Security
Change password,Wachtwoord Veranderen,Settings.Security
Previous password,Vorig Wachtwoord,Settings.Security
Password,Wachtwoord,Settings.Security
New password,Nieuw Wachtwoord,Settings.Security
Re-enter password:,Geef Wachtwoord Opnieuw in:,Settings.Security
Confirm password,Bevestig Wachtwoord,Settings.Security
Log out,Uitloggen,Settings.Security
Password is required,Wachtwoord vereist,Settings.Security
Password cannot contain these characters:,,Settings.Security
Password must be at least 8 characters,,Settings.Security
Password cannot start or end with spaces,,Settings.Security
Passwords do not match,Wachtwoorden komen niet overeen,Settings.Security
Password has been changed.,Wachtwoord werd aangepast.,Settings.Security
Error changing password,Fout bij wijzigen wachtwoord,Settings.Security
Encrypt wallet,Portemonnee Versleutelen,Settings.Security
Re-enter password,Voer Wachtwoord Opnieuw In,Settings.Security
Encrypt and restart,Versleutel en Herstart,Settings.Security
Wallet has been encrypted.,Portemonnee werd versleuteld.,Settings.Security
Error encrypting wallet,Fout bij versleutelen wallet,Settings.Security
Import private key,Importeer Privésleutel,Settings.Security
Account name,Account Naam,Settings.Security
Private key,Privésleutel,Settings.Security
Import,Importeer,Settings.Security
Account name is required,Rekeningnaam is vereist,Settings.Security
Private key is required,Privésleutel is vereist,Settings.Security
Private key imported. Rescanning now,Privésleutel geïmporteerd. Opnieuw aan het scannen,Settings.Security
Rescanning...,Opnieuw scannen...,Settings.Security
Rescanning done,Opnieuw scannen voltooid,Settings.Security
Error rescanning,Fout bij herscannen,Settings.Security
An unknown error occurred,Onbekende fout opgetreden,Settings.Security
Error importing private key,Fout bij importeren privésleutel,Settings.Security
Login until date,Aanmelden tot datum,Settings.Security
Login until time,Inloggen tot tijd,Settings.Security
Your wallet password,,Settings.Security
Login for staking & mining only,Alleen inloggen voor staken en minen,Settings.Security
Set timeout for login,,Settings.Security
Date is required,Datum vereist,Settings.Security
Time is required,,Settings.Security
Time must be at least one hour in the future,,Settings.Security
Logged in successfully,Met succes ingelogd,Settings.Security
Error logging in,Fout bij aanmelden,Settings.Security
Copied to clipboard,Gekopieerd naar het klembord,Settings.Security
View private key for address,Bekijk privésleutel voor adres,Settings.Security
Address,Adres,Settings.Security
Enter address here,Geef adres in,Settings.Security
View private key,Privésleutel weergeven,Settings.Security
Private key will be displayed here,De privésleutel wordt hier weergegeven,Settings.Security
Copy,Copiëren,Settings.Security
Address cannot be empty,Adres mag niet leeg zijn,Settings.Security
Error getting private key,Fout bij het ophalen van privésleutel,Settings.Security
Twinkling stars,,Settings.Style
Cosmic light,Cosmic light,Settings.Style
Custom wallpaper,Aangepaste achtergrond,Settings.Style
Select a custom wallpaper,,Settings.Style
Color scheme has been reset to default,Kleurenschema is terug naar standaard gezet,Settings.Style
Invalid file format! Custom theme file must be in JSON,Ongeldig bestandsformaat! Aangepast themabestand moet in JSON zijn,Settings.Style
Select custom theme file,Selecteer Aangepast thema bestand,Settings.Style
Theme exported,,Settings.Style
Theme has been reset to default,Thema is gereset naar standaard,Settings.Style
Render globe,Wereldbol weergeven,Settings.Style
Render the globe on the Overview page.,Geef de wereldbolweer op de overzichtspagina.,Settings.Style
Your computer does not support OPENGL 2.0,Uw computer ondersteunt OPENGL 2.0 niet,Settings.Style
Overview Display,Weergaveoverzicht,Settings.Style
Nexus Addresses format,Format van Nexusadressen,Settings.Style
Choose your Nexus Address display preference,Kies uw Nexus Adres weergave voorkeur,Settings.Style
Sample Address,Adres voorbeeldweergave,Settings.Style
Theme,Thema,Settings.Style
Select Wallet Theme,Selecteer weergavethema voor de portemonnee,Settings.Style
Background,Achtergrond,Settings.Style
Customize your background wallpaper,Uw achtergrond aanpassen,Settings.Style
Color scheme,Kleurenthema,Settings.Style
Background Color,Paneel Achtergrond Kleur,Settings.Style
Foreground Color,Tekst Kleur,Settings.Style
Primary Color,Primaire Kleur,Settings.Style
Primary Color Accent,Primaire Kleur Accent,Settings.Style
Danger Color,Gevaarkleur,Settings.Style
Danger Color Accent,Gevaar Kleur Accent,Settings.Style
Globe Color,Wereldbol Kleur,Settings.Style
Globe Pillar Color,Wereldbol Pijler Kleur,Settings.Style
Globe Arch Color,Wereldbol Boog Kleur,Settings.Style
Import custom theme,Selecteer Thema Bestand,Settings.Style
Export custom theme,Exporteer aangepast thema,Settings.Style
Dark,Donker,Settings.Style
Light,Licht,Settings.Style
Custom,Aangepast,Settings.Style
Reset,Reset,Settings.Style
Console,Console,Console
Core output,Basis Output,Console
CLI syntax,,Console.NexusAPI
URL syntax,,Console.NexusAPI
Execute,Uitvoeren,Console.NexusAPI
API Documentation,API Documentatie,Console.NexusAPI
Clear,Leegmaken,Console.NexusAPI
"Enter console commands here (ex: getinfo, help)","Geef Console Commando's Hier (vb: getinfo, help)",Console.Console
Execute,Uitvoeren,Console.Console
Clear console,Console leegmaken,Console.Console
Core is in Manual Mode,Back-end is in handmatige modus,Console.CoreOutput
Pending,In afwachting,Transactions
All,Alle,Transactions
Receive,Ontvang,Transactions
Sent,Verzenden,Transactions
Stake,Stake,Transactions
Generate,Genereer,Transactions
Immature,Ongeverifieerd,Transactions
Orphan,Wees (fork),Transactions
Genesis,Genesis,Transactions
Past Year,Vorig jaar,Transactions
Past Month,Vorige Maand,Transactions
Past Week,Vorige Week,Transactions
Search address,Zoek adres,Transactions
Search for Address,Zoeken naar adres,Transactions
Category,Categorie,Transactions
Min amount,Minimum Bedrag,Transactions
Time span,Tijdspanne,Transactions
Time,Tijd,Transactions
CATEGORY,CATEGORIE,Transactions
AMOUNT,BEDRAG,Transactions
ACCOUNT,REKENING,Transactions
ADDRESS,ADRES,Transactions
Transaction details,Transactie Details,Transactions
Show transactions chart,Transactiegrafiek weergeven,Transactions
Download transactions history,Download transactiegeschiedenis,Transactions
Loading transactions,Transacties aan het laden,Transactions
All Accounts,Alle Accounts,Transactions
Send,Verzenden,Transactions
Trust,Vertrouwen,Transactions
Unknown,Onbekend,Transactions
Legacy transaction,Legacy-transactie,Transactions
Coinbase transaction,Coinbase transactie,Transactions
View contract details,,Transactions
View transaction details,,Transactions
Address,Adres,Transactions
Account/token address,Account/token adres,Transactions
Name,Naam,Transactions
Operation,Operatie,Transactions
Transactions,Transacties,Transactions
Loading transactions...,Transacties aan het laden...,Transactions
NXS balances,NXS saldo's,Transactions
Previous,Vorige,Transactions
Page <page></page> of %{total},Pagina <page></page> van %{total},Transactions
Next,Volgende,Transactions
Transactions Details,Transactiedetails,Transactions.TransactionDetails
Time,Tijd,Transactions.TransactionDetails
Category,Categorie,Transactions.TransactionDetails
Amount,Hoeveelheid,Transactions.TransactionDetails
Fee,Honorarium,Transactions.TransactionDetails
Account,Rekening,Transactions.TransactionDetails
Address,Adres,Transactions.TransactionDetails
Confirmations,Bevestigingen,Transactions.TransactionDetails
Pending,In afwachting,Transactions.TransactionDetails
Transaction ID,Transactie-ID,Transactions.TransactionDetails
Block hash,Blok hash,Transactions.TransactionDetails
Loading transaction details...,Transactiedetails aan het laden...,Transactions.TransactionDetails
Transactions chart,Transactiegrafiek,Transactions.TransactionsChart
Amount,Hoeveelheid,Transactions.TransactionsChart
Time,Tijd,Transactions.TransactionsChart
Total,Totaal,Transactions.Balances
Available,Beschikbaar,Transactions.Balances
The current balance across all NXS accounts that is available to be spent,Het huidige saldo over alle NXS-accounts dat beschikbaar is om te worden uitgegeven,Transactions.Balances
Pending,In afwachting,Transactions.Balances
The sum of all debit and coinbase transactions made to your NXS accounts that are confirmed but have not yet been credited. This does NOT include immature and unconfirmed amounts,De som van alle debet- en coinbasetransacties die zijn gemaakt naar uw NXS-accounts die zijn bevestigd maar nog niet zijn gecrediteerd. Dit omvat NIET onvolwassen en onbevestigde bedragen.,Transactions.Balances
Unconfirmed,Onbevestigd,Transactions.Balances
"The sum of all debit transactions made to your NXS accounts that are not confirmed, or credits you have made to your accounts that are not yet confirmed (not yet included in a block)","De som van alle debettransacties die zijn gemaakt naar uw NXS-accounts die niet zijn bevestigd, of krediet naar uw accounts dat nog niet is bevestigd (nog niet inbegrepen in een blok)",Transactions.Balances
Stake,Stake,Transactions.Balances
The amount of NXS currently staked in the trust account,Het NXS-bedrag dat momenteel op de trust rekening staat,Transactions.Balances
Immature,Ongeverifieerd,Transactions.Balances
The sum of all coinbase transactions that have not yet reached maturity,De som van alle coinbasetransacties die nog niet uitgehard/volwassen zijn,Transactions.Balances
Unnamed account,Naamloos account,User.Accounts
Rename,,User.Accounts
Details,Details,User.Accounts
History,Geschiedenis,User.Accounts
<b>%{account_name}</b> account address,,User.Accounts
Unnamed,,User.Accounts
Create new account,Nieuw account aanmaken,User.Accounts
Account Details,Accountgegevens,User.Accounts.AccountDetails
Account name,Account Naam,User.Accounts.AccountDetails
Unnamed,,User.Accounts.AccountDetails
Created at,Aangemaakt op,User.Accounts.AccountDetails
Last modified,Laatst gewijzigd,User.Accounts.AccountDetails
Token name,Tokennaam,User.Accounts.AccountDetails
Data,,User.Accounts.AccountDetails
Total account balance,Totale accountsaldo,User.Accounts.AccountDetails
Available balance,Beschikbaar saldo,User.Accounts.AccountDetails
Send %{token_name},,User.Accounts.AccountDetails
Pending balance,Openstaande wijziging,User.Accounts.AccountDetails
Unconfirmed balance,Onbevestigd saldo,User.Accounts.AccountDetails
Stake balance,Stakesaldo,User.Accounts.AccountDetails
Immature balance,Ongeverifieerd saldo,User.Accounts.AccountDetails
Address,Adres,User.Accounts.AccountDetails
Trust Account is empty.,Trustaccount is leeg.,User.Accounts.AccountDetails
Trust Account must mature for 72 hours before staking,Trustaccount moet 72 uur oud zijn voordat staken begint,User.Accounts.AccountDetails
Adjust stake amount,Stake-aandeel aanpassen,User.Accounts.AccountDetails
Time,Tijd,User.Accounts.AccountHistory
Operation,Operatie,User.Accounts.AccountHistory
From,Van,User.Accounts.AccountHistory
staking,,User.Accounts.AccountHistory
mining,,User.Accounts.AccountHistory
To,Naar,User.Accounts.AccountHistory
Change,Wijzigen,User.Accounts.AccountHistory
Account History,Accountgeschiedenis,User.Accounts.AccountHistory
Loading account history,Accountgeschiedenis laden,User.Accounts.AccountHistory
Account balance,Accountsaldo,User.Accounts.AccountHistory
Show %{tokenName},Toon %{tokenName},User.Accounts.AccountHistory
Total,Totaal,User.Accounts.AccountHistory
Available,Beschikbaar,User.Accounts.AccountHistory
Pending,In afwachting,User.Accounts.AccountHistory
Unconfirmed,Onbevestigd,User.Accounts.AccountHistory
Stake,Stake,User.Accounts.AccountHistory
Rename account,,RenameAccount
Account name,,RenameAccount
Account renaming fee,,RenameAccount
Cancel,,RenameAccount
Renaming,,RenameAccount
Rename,,RenameAccount
Account name is required,,RenameAccount
Name already in use,,RenameAccount
The name you entered is already in use. Please choose another name.,,RenameAccount
Insuffient balance,,RenameAccount
Your default account balance is not enough to pay the fee.,,RenameAccount
Account has been renamed to %{account_name},,RenameAccount
Error renaming account,,RenameAccount
Unnamed asset,,User.Assets
You own %{percentage}% of this asset,,User.Assets
Create new asset,,User.Assets
You don't own any asset,,User.Assets
Asset Details,,AssetDetails
Edit asset,,AssetDetails
Name,,AssetDetails
Address,,AssetDetails
Owner,,AssetDetails
Ownership,,AssetDetails
Created at,,AssetDetails
Last modified,,AssetDetails
View history,,AssetDetails
Tokenize,,AssetDetails
Transfer ownership,,AssetDetails
Name,,CreateAsset
Field name,,CreateAsset
Value,,CreateAsset
Field value,,CreateAsset
Mutable,,CreateAsset
Type,,CreateAsset
Max. length,,CreateAsset
Only applicable to mutable string fields,,CreateAsset
Unlimited,,CreateAsset
Remove field,,CreateAsset
Asset name,,CreateAsset
A local Name object register will be created for this asset name,,CreateAsset
Asset name (optional),,CreateAsset
Asset data,,CreateAsset
Add field,,CreateAsset
Estimated fee,,CreateAsset
Creating asset,,CreateAsset
Create asset,,CreateAsset
Field name is required,,CreateAsset
New asset has been created,,CreateAsset
Error creating asset,,CreateAsset
Create a new asset,,CreateAsset
Asset History Event,,AssetHistoryDetails
Type,,AssetHistoryDetails
Time,,AssetHistoryDetails
Owner,,AssetHistoryDetails
Checksum,,AssetHistoryDetails
Name,,AssetHistoryDetails
Address,,AssetHistoryDetails
Time,,AssetHistory
Type,,AssetHistory
Owner,,AssetHistory
Asset History,,AssetHistory
Loading asset history,,AssetHistory
Name,,EditAsset
Address,,EditAsset
Updating asset,,EditAsset
Update asset,,EditAsset
Asset has been updated,,EditAsset
Error updating asset,,EditAsset
Edit asset,,EditAsset
Asset name,,TokenizeAsset
Asset address,,TokenizeAsset
Token,,TokenizeAsset
Token address,,TokenizeAsset
Tokenizing asset,,TokenizeAsset
Tokenize asset,,TokenizeAsset
Token is required,,TokenizeAsset
Asset has been tokenized,,TokenizeAsset
Error tokenizing asset,,TokenizeAsset
Asset name,,TransferAsset
Asset address,,TransferAsset
Transfer to,,TransferAsset
Recipient username or user ID,,TransferAsset
Transferring asset,,TransferAsset
Transfer asset,,TransferAsset
Recipient is required,,TransferAsset
Asset has been transferred,,TransferAsset
Error transferring asset,,TransferAsset
User,Gebruiker,User
User ID,Gebruikers-ID,User
Accounts,Accounts,User
Staking,Aan het staken,User
Tokens,Tokens,User
Names,,User
Namespaces,,User
Assets,,User
Change password & PIN,Wijzig wachtwoord & PIN,User
Change recovery phrase,Wijzig herstelzin,User
Set recovery phrase,Stel herstelzin in,User
Name,,ChangeRegisterAddress
Register address,,ChangeRegisterAddress
Register address that this name points to,,ChangeRegisterAddress
Name update fee,,ChangeRegisterAddress
Updating name,,ChangeRegisterAddress
Update name,,ChangeRegisterAddress
Name has been updated,,ChangeRegisterAddress
Error updating name,,ChangeRegisterAddress
Change register address,,ChangeRegisterAddress
Local,,CreateName
Namespaced,,CreateName
Global,,CreateName
Namespace,,CreateName
A namespace you own,,CreateName
Name,,CreateName
name,,CreateName
namespace,,CreateName
Register address,,CreateName
Register address that this name points to,,CreateName
Name creation fee,,CreateName
Creating name,,CreateName
Create name,,CreateName
Name is required,,CreateName
Name cannot start with a colon character,,CreateName
Namespace is required,,CreateName
New name has been created,,CreateName
Error creating name,,CreateName
Create a new name,,CreateName
View name details,,User.Names
Change register address,,User.Names
Transfer name,,User.Names
Unused,,User.Names
Global,,User.Names
Namespaced,,User.Names
Local,,User.Names
Create new name,,User.Names
Show unused names,,User.Names
You don't own any name,,User.Names
Name Details,,NameDetails
Change register address,,NameDetails
Name,,NameDetails
Type,,NameDetails
Global,,NameDetails
Namespaced,,NameDetails
Local,,NameDetails
Namespace,,NameDetails
Address,,NameDetails
Points to,,NameDetails
Created at,,NameDetails
Last modified,,NameDetails
View history,,NameDetails
Transfer ownership,,NameDetails
Name History Event,,NameHistoryDetails
Type,,NameHistoryDetails
Time,,NameHistoryDetails
Owner,,NameHistoryDetails
Checksum,,NameHistoryDetails
Name,,NameHistoryDetails
Namespace,,NameHistoryDetails
Address,,NameHistoryDetails
Points to,,NameHistoryDetails
Time,,NameHistory
Type,,NameHistory
Owner,,NameHistory
Name History,,NameHistory
Loading name history,,NameHistory
Name,,TransferName
Transfer to,,TransferName
Recipient username or user ID,,TransferName
Transferring name,,TransferName
Transfer name,,TransferName
Recipient is required,,TransferName
Name has been transferred,,TransferName
Error transferring name,,TransferName
Name,,CreateNamespace
Namespace name,,CreateNamespace
Namespace creation fee,,CreateNamespace
Creating namespace,,CreateNamespace
Create namespace,,CreateNamespace
Name is required,,CreateNamespace
"Namespace names can only contain lowercase letters, numbers, and periods (.)",,CreateNamespace
New namespace has been created,,CreateNamespace
Error creating namespace,,CreateNamespace
Create a new namespace,,CreateNamespace
View name details,,User.Namespaces
Transfer namespace,,User.Namespaces
Create new namespace,,User.Namespaces
You don't own any namespace,,User.Namespaces
Namespace Details,,NamespaceDetails
Name,,NamespaceDetails
Address,,NamespaceDetails
Created at,,NamespaceDetails
Last modified,,NamespaceDetails
View history,,NamespaceDetails
Transfer ownership,,NamespaceDetails
Namespace History Event,,NamespaceHistoryDetails
Type,,NamespaceHistoryDetails
Time,,NamespaceHistoryDetails
Owner,,NamespaceHistoryDetails
Checksum,,NamespaceHistoryDetails
Name,,NamespaceHistoryDetails
Address,,NamespaceHistoryDetails
Time,,NamespaceHistory
Type,,NamespaceHistory
Owner,,NamespaceHistory
Namespace History,,NamespaceHistory
Loading namespace history,,NamespaceHistory
Namespace,,TransferNamespace
Transfer to,,TransferNamespace
Recipient username or user ID,,TransferNamespace
Transferring namespace,,TransferNamespace
Transfer namespace,,TransferNamespace
Destination is required,,TransferNamespace
Namespace has been transferred,,TransferNamespace
Error transferring namespace,,TransferNamespace
The current NXS balance of the trust account that is not staked. You can spend this amount without affecting your Trust Score,,User.Staking
"Balance that will be staked after the 72 holding period, any change to this balance will reset the hold timer",,User.Staking
Restart Core?,,User.Staking
Nexus Core needs to restart for this change to take effect,,User.Staking
Disable staking,Staken uitschakelen,User.Staking
Enable staking,Staking inschakelen,User.Staking
Cancel,Annuleren,User.Staking
Status,,User.Staking
Staking,Aan het staken,User.Staking
pooled,,User.Staking
Not staking,,User.Staking
Stake amount,,User.Staking
The amount of NXS currently staked in the trust account,Het NXS-bedrag dat momenteel op de trust rekening staat,User.Staking
Pending change,Openstaande wijziging,User.Staking
The pending stake amount change that will be applied on the next Trust transaction,,User.Staking
Requested at,,User.Staking
Expired in,,User.Staking
Stake Rate,Stake beloning,User.Staking
The current annual reward rate earned for staking,,User.Staking
Trust Weight,Trust Gewicht,User.Staking
"The percentage of the maximum Trust Score, which is gradually built over time when you consistently operate your node in an honest, trustworthy, and timely manner",,User.Staking
Block Weight,Block Gewicht,User.Staking
"Block Weight depends on the time passed since you received a Trust transaction and will be reset everytime you receive a Trust transaction. Otherwise, Block Weight will reach 100% after 3 days and your Trust Score will start decaying until you receive another Trust transaction","Blokgewicht neemt toe met de tijd die verstrijkt bij het uitblijven van een Trust-transactie. Bij het ontvangen van een Trust-transactie zal het Blokgewicht worden gereset. Wanneer het Blokgewicht 100% bereikt na 3 dagen, zal de Trust-score beginnen te vervallen totdat een volgende Trust-transactie is ontvangen.",User.Staking
Stake Weight,Stake Gewicht,User.Staking
"Stake Weight depends on Trust Weight and Block Weight. Along with your Stake amount, Stake Weight affects how frequent you receive a Trust transaction",,User.Staking
Available Balance,,User.Staking
Adjust stake amount,Stake-aandeel aanpassen,User.Staking
Account on hold for another %{stakeSeconds} Seconds,,User.Staking
Stop staking,,User.Staking
Start staking,,User.Staking
Create new token,Nieuwe token aanmaken,User.Tokens
Look up a token,,User.Tokens
Unnamed token,,User.Tokens
 (Owned by you),(Uw eigendom),User.Tokens
Details,Details,User.Tokens
New Token,Nieuwe Token,User.Tokens.NewToken
"There is a %{tokenfee} NXS token creation fee, based on supply",,User.Tokens.NewToken
Token name,Tokennaam,User.Tokens.NewToken
Name Creation Fee: %{tokenFee} NXS (Optional),Naamcreatie kostenheffing: %{tokenFee} NXS (Optioneel),User.Tokens.NewToken
New tokens's name,,User.Tokens.NewToken
Supply,,User.Tokens.NewToken
Max amount of tokens available,Maximaal aantal beschikbare tokens,User.Tokens.NewToken
Decimal,Decimaal,User.Tokens.NewToken
Amount of significant digits a token can have,Hoeveelheid decimalen een token kan hebben,User.Tokens.NewToken
Cancel,Annuleren,User.Tokens.NewToken
Create token,Token aanmaken,User.Tokens.NewToken
Supply can not be zero or negative,,User.Tokens.NewToken
Create a token without a name?,Een token zonder naam maken?,User.Tokens.NewToken
Adding a name costs a NXS fee,Een naam toevoegen kost één NXS heffing,User.Tokens.NewToken
That's Ok,,User.Tokens.NewToken
Add Name,Voeg naam toe,User.Tokens.NewToken
New token %{token} has been created,,User.Tokens.NewToken
You have successfully created token %{token} ! Would you like to make an account for this token?,,User.Tokens.NewToken
Yes,Ja,User.Tokens.NewToken
No,Nee,User.Tokens.NewToken
Error creating token,Fout bij het maken van token,User.Tokens.NewToken
Cannot find Token,,User.Tokens.SearchToken
Look up token,,User.Tokens.SearchToken
Name or address,,User.Tokens.SearchToken
Token name/address,,User.Tokens.SearchToken
Look up,,User.Tokens.SearchToken
No Value,,User.Tokens.SearchToken
Error searching for token,Fout bij zoeken naar token,User.Tokens.SearchToken
Unknown token name/address,,User.Tokens.SearchToken
Token Details,,User.Tokens.TokenDetails
Token name,Tokennaam,User.Tokens.TokenDetails
Token address,,User.Tokens.TokenDetails
Created at,Aangemaakt op,User.Tokens.TokenDetails
Last modified,Laatst gewijzigd,User.Tokens.TokenDetails
Token Owner,,User.Tokens.TokenDetails
Current Supply,Huidige voorraad,User.Tokens.TokenDetails
Max Supply,Maximale voorraad,User.Tokens.TokenDetails
Decimals,Decimalen,User.Tokens.TokenDetails
Balance,Balans,User.Tokens.TokenDetails
Pending balance,Openstaande wijziging,User.Tokens.TokenDetails
Unconfirmed balance,Onbevestigd saldo,User.Tokens.TokenDetails
Create new account with this token,Nieuw account met dit token aanmaken,User.Tokens.TokenDetails
Close,Gesloten,User.Tokens.TokenDetails
Wallet version,,About
Wallet build date,,About
Nexus Core version,,About
Core build date,Core build datum,About
Testnet,,About
Private blockchain,Privé blockchain,About
Invalid address,Ongeldig Adres,AddEditContact
This is not one of your addresses.,,AddEditContact
This is one of your addresses.,,AddEditContact
Name,Naam,AddEditContact
Contact name,Contact naam,AddEditContact
Email address,E-mailadres,AddEditContact
Phone number,Telefoonnummer,AddEditContact
Time zone,,AddEditContact
Select a time zone,,AddEditContact
Notes,Notities,AddEditContact
Cancel,Annuleren,AddEditContact
Reset,Reset,AddEditContact
Save changes,,AddEditContact
Create,Aanmaken,AddEditContact
Name is required.,Naam is vereist.,AddEditContact
A contact with the same name already exists.,Er bestaat reeds een contract met dezelfde naam.,AddEditContact
There must be at least one address.,,AddEditContact
Invalid email,Ongeldig e-mailadres,AddEditContact
Contact has been updated,Contact is bijgewerkt,AddEditContact
New contact has been added to address book,,AddEditContact
My Nexus address for %{name},Mijn Nexus-adres voor %{name},AddEditContact
My Nexus address,Mijn Nexus-adres,AddEditContact
%{name}'s Nexus address,%{name}'s Nexus adres,AddEditContact
Their Nexus address,,AddEditContact
Remove address,,AddEditContact
Label (optional),,AddEditContact
Edit contact,Contactgegevens Bewerken,AddEditContact
Create new contact,Nieuw contact maken,AddEditContact
Adjust stake amount,Stake-aandeel aanpassen,AdjustStake
"Note: This change will not take effect immediately but will stay pending until you get the next Trust transaction. The pending change will be recorded locally in this machine, therefore if you switch to another machine for staking, the change will not take effect.",,AdjustStake
Cancel,Annuleren,AdjustStake
Set stake amount,,AdjustStake
Invalid number,Ongeldig nummer,AdjustStake
Out of range,,AdjustStake
Reduce stake amount?,Stake-aandeel aanpassen?,AdjustStake
Reducing stake amount might make your Stake Rate decrease,Het verlagen van uw stake-aandeel kan ervoor zorgen dat uw Trust-score en beloningspercentage afneemt,AdjustStake
Stake amount has been updated,Stakehoeveelheid is bijgewerkt,AdjustStake
Error setting stake amount,Fout bij het instellen van stake-aandeel,AdjustStake
Backing up...,Backup maken...,Bootstrap
Downloading,Wordt gedownload,Bootstrap
Decompressing...,Uitpakken...,Bootstrap
Stopping Core...,Core wordt gestopt...,Bootstrap
Moving...,Bezig met verplaatsen...,Bootstrap
Restarting Core...,,Bootstrap
Rescanning Wallet...,Portemonnee herscannen...,Bootstrap
Backing up your wallet...,Backup aan het maken van uw wallet...,Bootstrap
Downloading the database,Database downloaden,Bootstrap
Decompressing the database...,De database wordt uitgepakt...,Bootstrap
Stopping Nexus Core...,Nexus Core wordt gestopt...,Bootstrap
Moving the database...,Database verplaatsen...,Bootstrap
Restarting Nexus Core...,Nexus Core wordt herstart...,Bootstrap
Are you sure you want to abort the process?,Weet u zeker dat u dit proces wilt afbreken?,Bootstrap
"Yes, abort","Ja, afbreken",Bootstrap
"No, let it continue","Nee, laat het doorgaan",Bootstrap
Bootstrap Recent Database,Recente database downloaden,Bootstrap
Abort,Annuleren,Bootstrap
Not enough disk space! Minimum 15GB of free space is required.,Onvoldoende schijfruimte! Minimaal 15GB aan vrije ruimte is vereist.,Bootstrap
Download recent database?,Recente database downloaden?,Bootstrap
Downloading a recent version of the database might reduce the time it takes to synchronize your wallet,Het downloaden van een recente versie van de database kan de tijd reduceren die nodig is om uw wallet te synchroniseren,Bootstrap
"Yes, let's bootstrap it","Ja, de blockchain bootstrappen",Bootstrap
"No, let it sync","Nee, laat het synchroniseren",Bootstrap
Bootstrap process has been aborted,Recente database downloaden is afgebroken,Bootstrap
Error bootstrapping recent database,Fout bij het inladen van de recente database,Bootstrap
Unknown error,Onbekende fout,Bootstrap
Recent database has been successfully bootstrapped,Recente database is met succes opgestart,Bootstrap
Change password and PIN,Wijzig wachtwoord en PIN,ChangePassword&PIN
Current password,Huidig wachtwoord,ChangePassword&PIN
Your current password,Uw huidige wachtwoord,ChangePassword&PIN
Current PIN,Huidige pincode,ChangePassword&PIN
Your current PIN,,ChangePassword&PIN
New Password,Nieuw wachtwoord,ChangePassword&PIN
Enter your new password,Voer uw nieuwe wachtwoord in,ChangePassword&PIN
New PIN,Nieuwe PIN,ChangePassword&PIN
Enter your new PIN,,ChangePassword&PIN
Updating,Aan het updaten,ChangePassword&PIN
Update,Updaten,ChangePassword&PIN
Current password is required,Huidig wachtwoord is vereist,ChangePassword&PIN
Current PIN is required,Huidige pincode is vereist,ChangePassword&PIN
New password is required,Nieuw wachtwoord is vereist,ChangePassword&PIN
Password must be at least 8 characters,,ChangePassword&PIN
New PIN is required,Nieuwe pincode is vereist,ChangePassword&PIN
PIN must be at least 4 characters,PIN moet ten minste 4 tekens bevatten,ChangePassword&PIN
Password & PIN have been updated,Wachtwoord & PIN zijn bijgewerkt,ChangePassword&PIN
Error updating password & PIN,Fout bij het updaten van wachtwoord & pincode,ChangePassword&PIN
Contract Details,Contract details,ContractDetails
View transaction details,,ContractDetails
Yes,Ja,ConfirmDialog
No,Nee,ConfirmDialog
Password/PIN mismatch,Wachtwoord / pincode komen niet overeen,ConfirmPassword&PIN
"You have entered either your password or your PIN incorrectly, please re-check","U heeft uw wachtwoord of uw pincode onjuist ingevoerd, controleer opnieuw",ConfirmPassword&PIN
Confirm password and PIN,Bevestig wachtwoord en pincode,ConfirmPassword&PIN
Enter your new password & new PIN once again to make sure you have entered them correctly,Voer uw nieuwe wachtwoord en nieuwe pincode opnieuw in om er zeker van te zijn dat u deze correct hebt ingevoerd,ConfirmPassword&PIN
Enter your password & PIN once again to make sure you have entered them correctly,Voer wachtwoord en pincode opnieuw in om er zeker van te zijn dat u deze correct hebt ingevoerd,ConfirmPassword&PIN
Password,Wachtwoord,ConfirmPassword&PIN
Re-enter your new password,Voer uw nieuwe wachtwoord opnieuw in,ConfirmPassword&PIN
Re-enter your password,Wachtwoord nogmaals invoeren,ConfirmPassword&PIN
PIN,pincode,ConfirmPassword&PIN
Re-enter your new PIN,,ConfirmPassword&PIN
Re-enter your PIN,,ConfirmPassword&PIN
Confirm,Bevestig,ConfirmPassword&PIN
Dismiss,Negeren,ErrorDialog
Pin must be at least 4 characters,Pin moet ten minste 4 tekens bevatten,PinDialog
Confirm,Bevestig,PinDialog
Enter PIN,,PinDialog
Your PIN,,PinDialog
Cancel,Annuleren,PinDialog
Dismiss,Negeren,SuccessDialog
Your wallet is not encrypted!,Uw portemonnee is niet gecodeerd!,EncryptionWarning
It is highly recommended that you should encrypt your wallet to keep your NXS safe.,Het is zeer aanbevolen dat u uw portemonnee versleutelt om uw NXS veilig te houden.,EncryptionWarning
Ignore,Negeren,EncryptionWarning
Encrypt wallet,Portemonnee Versleutelen,EncryptionWarning
Log in,Inloggen,Login
Username,Gebruikersnaam,Login
Enter your username,Voer uw gebruikersnaam in,Login
Password,Wachtwoord,Login
Enter your password,Voer uw wachtwoord in,Login
PIN,pincode,Login
Enter your PIN,,Login
Logging in,Bezig met inloggen,Login
Forgot password?,Wachtwoord vergeten?,Login
Create new user,Nieuwe gebruiker aanmaken,Login
Username is required,Gebruikersnaam is vereist,Login
Password is required,Wachtwoord vereist,Login
PIN is required,Pincode is vereist,Login
Logged in as %{username},Ingelogd als %{username},Login
Not being fully synced may have caused this error.,,Login
Error logging in,Fout bij aanmelden,Login
Migrate account,Account migreren,MigrateAccount
You have %{amount} NXS in your legacy account.,U hebt %{amount} NXS in uw legacy account.,MigrateAccount
You can manually send your funds from legacy account to this new Tritium user.,,MigrateAccount
Send NXS manually,NXS handmatig verzenden,MigrateAccount
Don't show this again,Laat dit niet meer zien,MigrateAccount
Module Details,Moduledetails,ModuleDetails
Remove module,,ModuleDetails
Module name,Modulenaam,ModuleDetails
Display name,Weergavenaam,ModuleDetails
Module type,Type module,ModuleDetails
in development,,ModuleDetails
Version,Versie,ModuleDetails
Target wallet version,,ModuleDetails
incompatible,,ModuleDetails
Description,Beschrijving,ModuleDetails
Author,Auteur,ModuleDetails
Source code,Broncode,ModuleDetails
Visit repository,Bezoek repository,ModuleDetails
This module is developed by Nexus,Deze module is door Nexus ontwikkeld,ModuleDetails
This repository does not exist or is private,Deze repository bestaat niet of is privé,ModuleDetails
This repository is not verified to be the real source code of this module,,ModuleDetails
Module hash,Module-hash,ModuleDetails
Download %{version} (manual),,ModuleDetails
Open App,,ModuleDetails
Module is disallowed,,ModuleDetails
Installing Module...,Module installeren...,ModuleDetails
Install Module,Installeer module,ModuleDetails
"Warning: This module is written by a third party, Nexus is NOT
              responsible for its quality or legitimacy. Please make sure to do
              your due diligence before installing third party modules and use
              them with your own risk.",,ModuleDetails
Check wallet failed,Controle wallet mislukt,MyAddresses
Check wallet pass,Controle wallet gelukt,MyAddresses
My Account,Mijn Account,MyAddresses
Check wallet's integrity,Controleer wallet integriteit,MyAddresses
Check wallet,Controleer wallet,MyAddresses
Create new address,Nieuw Adres aanmaken,MyAddresses
Enter a new account name or pick an existing account:,Voer een nieuwe accountnaam in of kies een bestaand account:,MyAddresses.NewAddressForm
Account name,Account Naam,MyAddresses.NewAddressForm
Cancel,Annuleren,MyAddresses.NewAddressForm
New address,,MyAddresses.NewAddressForm
Account name is required,Rekeningnaam is vereist,MyAddresses.NewAddressForm
Invalid account name,Ongeldig account naam,MyAddresses.NewAddressForm
New address has been created,,MyAddresses.NewAddressForm
Error creating new address,Fout bij het aanmaken van een nieuw adres,MyAddresses.NewAddressForm
New account,Nieuw account,NewAccount
Account name (%{nameFee} NXS Fee) (Optional),Accountnaam (%{nameFee} NXS kostenheffing) (Optioneel),NewAccount
New account's name,,NewAccount
Token name/address,,NewAccount
Cancel,Annuleren,NewAccount
Creating account,Account aanmaken,NewAccount
Create account,Account aanmaken,NewAccount
Create an account without a name?,,NewAccount
Adding a name costs a NXS fee,Een naam toevoegen kost één NXS heffing,NewAccount
That's Ok,,NewAccount
Error creating account,Fout bij aanmaken account,NewAccount
Unknown token name/address,,NewAccount
New account %{account} has been created,Nieuw account %{account} is aangemaakt,NewAccount
Create new user,Nieuwe gebruiker aanmaken,NewUser
Username,Gebruikersnaam,NewUser
A globally unique username,Een globaal unieke gebruikersnaam,NewUser
Password,Wachtwoord,NewUser
Enter your password,Voer uw wachtwoord in,NewUser
PIN,pincode,NewUser
Enter your PIN,,NewUser
Attention,Let op!,NewUser
"Please be sure to make a note of your username, password, and PIN, and keep it in a safe place. If you lose or forget them you will be unable to access your account.",,NewUser
Creating user,Gebruiker aanmaken,NewUser
Create user,Gebruiker aanmaken,NewUser
"Please wait, this may take up to 30 seconds","Een ogenblik geduld, dit kan tot 30 seconden duren",NewUser
Switch to Legacy Mode,Overschakelen naar verouderde modus,NewUser
Log in,Inloggen,NewUser
Username is required,Gebruikersnaam is vereist,NewUser
Username must be at least 3 characters,,NewUser
Password is required,Wachtwoord vereist,NewUser
Password must be at least 8 characters,,NewUser
PIN is required,Pincode is vereist,NewUser
PIN must be at least 4 characters,PIN moet ten minste 4 tekens bevatten,NewUser
Error creating user,Fout bij aanmaken gebruiker,NewUser
User registration for %{username} has been confirmed,,NewUser
User registration for %{username} is waiting to be confirmed on Nexus blockchain...,,NewUser
Recover password and PIN,,RecoverPassword&PIN
Username,Gebruikersnaam,RecoverPassword&PIN
Your username,,RecoverPassword&PIN
Recovery phrase,,RecoverPassword&PIN
Your recovery phrase,,RecoverPassword&PIN
New Password,Nieuw wachtwoord,RecoverPassword&PIN
Enter your new password,Voer uw nieuwe wachtwoord in,RecoverPassword&PIN
New PIN,Nieuwe PIN,RecoverPassword&PIN
Enter your new PIN,,RecoverPassword&PIN
Recovering password & PIN,,RecoverPassword&PIN
Recover password & PIN,,RecoverPassword&PIN
Username is required,Gebruikersnaam is vereist,RecoverPassword&PIN
Recovery phrase is required,,RecoverPassword&PIN
New password is required,Nieuw wachtwoord is vereist,RecoverPassword&PIN
Password must be at least 8 characters,,RecoverPassword&PIN
New PIN is required,Nieuwe pincode is vereist,RecoverPassword&PIN
PIN must be at least 4 characters,PIN moet ten minste 4 tekens bevatten,RecoverPassword&PIN
Password & PIN have been updated,Wachtwoord & PIN zijn bijgewerkt,RecoverPassword&PIN
Error updating password & PIN,Fout bij het updaten van wachtwoord & pincode,RecoverPassword&PIN
%{smart_count} word |||| %{smart_count} words,,SetRecoveryPhrase
Recovery phrase,,SetRecoveryPhrase
"The recovery phrase can be used to recover your account and set a new password and PIN in the event that you lose or forget them. Your recovery phrase must be a minimum of 40 characters, and should ideally be made up of random words. Save this new recovery phrase in a safe place.",,SetRecoveryPhrase
Password,Wachtwoord,SetRecoveryPhrase
Your current password,Uw huidige wachtwoord,SetRecoveryPhrase
PIN,pincode,SetRecoveryPhrase
Your current PIN,,SetRecoveryPhrase
Current recovery phrase,,SetRecoveryPhrase
Enter your recovery phrase,,SetRecoveryPhrase
Generate a recovery phrase,,SetRecoveryPhrase
New recovery phrase,,SetRecoveryPhrase
Enter your new recovery phrase or click Generate,,SetRecoveryPhrase
Setting recovery phrase,,SetRecoveryPhrase
Set recovery phrase,Stel herstelzin in,SetRecoveryPhrase
Password is required,Wachtwoord vereist,SetRecoveryPhrase
PIN is required,Pincode is vereist,SetRecoveryPhrase
Current recovery phrase is required,,SetRecoveryPhrase
Recovery phrase is required,,SetRecoveryPhrase
Recovery phrase must be at least 8 characters,,SetRecoveryPhrase
Recovery phrase has been updated,,SetRecoveryPhrase
Error setting recovery phrase,,SetRecoveryPhrase
Transaction Details,,TransactionDetails
Time,,TransactionDetails
Sequence,,TransactionDetails
Type,,TransactionDetails
Confirmations,,TransactionDetails
Transaction ID,,TransactionDetails
Loading transaction details...,,TransactionDetails
Close the wallet and install update now?,Sluit de wallet en installeer update nu?,AutoUpdate
Close and install,Sluiten en installeren,AutoUpdate
Install it later,Later installeren,AutoUpdate
New wallet version %{version} - Click here to download,,AutoUpdate
New wallet version %{version} - Click here to update,,AutoUpdate
New wallet version %{version} available. Downloading...,,AutoUpdate
