"Delete contact %{name}?","Obriši kontakt %{name}?","AddressBook"
"Edit contact","Уреди контакт","AddressBook"
"Delete contact","Обриши контакт","AddressBook"
"%{smart_count} address |||| %{smart_count} addresses","%{smart_count} adresa |||| %{smart_count} adrese","AddressBook"
"New contact","Нови контакт","AddressBook"
"No information","Нема информација","AddressBook"
"Delete","Обриши","AddressBook"
"Edit","Уреди","AddressBook"
"NXS addresses","NXS адресе","AddressBook"
"My address for %{name}","Моја адреса за %{name}","AddressBook"
"%{name}'s Address","%{name} Адреса","AddressBook"
"Contact info","Контакт информације","AddressBook"
"Nexus user ID","","AddressBook"
"Email","Електронска пошта","AddressBook"
"Phone Number","Број телефона","AddressBook"
"Local Time","Локално Време","AddressBook"
"Notes","Напомене","AddressBook"
"Address book","Адресар","AddressBook"
"Your address book is empty","Ваш адресар је празан","AddressBook"
"Create new contact","Направи нови контакт","AddressBook"
"Search contact","Тражи контакт","AddressBook"
"Export contacts","Извоз контаката","AddressBook"
"Tritium Mode","Тритиум Мод","Header"
"Lite","","Header"
"Hybrid","","Header"
"Wallet is staking","Новчаник је у режиму штедње уз учешће","Header"
"pooled","","Header"
"Stake Rate","Проценат удела","Header"
"Waiting for 100% synchronization to start staking...","Чека се да синхронизација достигне 100% да би започела штедња...","Header"
"Wallet is not staking","Новчаник није у режиму штедње уз учешће","Header"
"Synchronized","Синхронизовано","Header"
"Synchronizing","Синхронизација","Header"
"Blocks","","Header"
"Estimated %{time} remaining","","Header"
"%{smart_count} hour |||| %{smart_count} hours","","Header"
"%{smart_count} minute |||| %{smart_count} minutes","","Header"
"%{smart_count} second |||| %{smart_count} seconds","","Header"
"You're not logged in","Нисте пријављени","Header"
"You are staking but have not received a block in 30 minutes!","","Header"
"Switching...","",""
"Active","",""
"Switch","",""
"Switch user","",""
"Closing Nexus Wallet","Затварање Нексус Новчаника",""
"Pre-Release Active","",""
"You are currenctly running a * version of the wallet. ","",""
"Thank you for testing our wallet, please ","",""
"Click here","",""
" To send feedback to the developers. ","",""
"Or join us on the offical ","",""
"Ok","",""
"Testnet Only Mode","",""
"You are currenctly running a Testnet only version of the wallet. ","",""
"The core will only connect to nexus-interactions.io:testnet1 ","",""
"Close","Затвори",""
"Remote Core is disconnected","",""
"Connecting to Nexus Core...","Конектовање на Нексус Језгро...",""
"Nexus Core is stopped","Нексус Језгро је заустављено",""
"Address has been copied to clipboard","Адреса копирана у привремену меморију",""
"Copy to clipboard","Копирај у привремену меморију",""
"Click to copy to clipboard","Кликни да копираш у привремену меморију",""
"Show QR code","",""
"Log in","Пријави се",""
"No Rows Found","Нема Пронађених Редова",""
"Use virtual keyboard","",""
"<token_name></token_name> token","",""
"Unnamed token","Неименовани токен",""
"Start Nexus Core","Стартуј Нексус Језгро",""
"Stop Nexus Core","Стопирај Нексус Језгро",""
"Quit Nexus","Затвори Нексус",""
"About","О апликацији",""
"Cut","Исеци",""
"Copy","Копирај",""
"Paste","Налепи",""
"Core","Језгро",""
"Application","Апликација",""
"Key Management","Управљање Кључевима",""
"Style","Стил",""
"Modules","Модули",""
"Download Recent Database","Преузимам Свежу Базу података",""
"Cannot bootstrap recent database in manual mode","Није могуће да се нова база података bootstrap-ује у мануелном моду",""
"Please wait for Nexus Core to start.","Молимо сачекајте да Нексус Језгро стартује.",""
"Reload wallet GUI","",""
"Toggle FullScreen","Укључи ПунЕкран",""
"Toggle Developer Tools","Укључи Развојне Алате",""
"Toggle Module's Developer Tools","Укључи Модулске Развојне Алате",""
"Nexus Website","Нексус Веб страница",""
"Nexus Git Repository","Нексус Гит Репозиторијум",""
"Nexus Wallet Guide","Нексус Водич за Новчаник",""
"Report Bug","",""
"Open Core Data Folder","Дата Фолдер Отвореног Језгра",""
"Open Interface Data Folder","Дата Фолдер Отвореног Интерфејса",""
"Check for Updates...","Потражи ажурирања...",""
"There are currently no updates available","Тренутно нема доступних ажурирања",""
"Checking for Updates...","Провера ажурирања...",""
"Update available! Downloading...","Ажурирање доступно! Преузимам...",""
"Quit and install update...","Прекини и инсталирај ажурирање...",""
"File","Фајл",""
"Edit","Уреди",""
"Settings","Подешавања",""
"View","Преглед",""
"Help","Помоћ",""
"Error","Грешка",""
"Unknown error","Непозната грешка",""
"Required!","",""
"Invalid!","",""
"Out of range!","",""
"Must be at least %{min} characters","",""
"Update available for %{smart_count} module |||| Updates available for %{smart_count} modules","",""
"Error fetching transactions","",""
"New transaction","Нова трансакција",""
"%{smart_count} day |||| %{smart_count} days","",""
"%{smart_count} hour |||| %{smart_count} hours","",""
"%{smart_count} minute |||| %{smart_count} minutes","",""
"%{smart_count} second |||| %{smart_count} seconds","",""
"Switch user","","Header.UserDropdown"
"Log in to another user","","Header.UserDropdown"
"Accounts","Рачуни","Header.UserDropdown"
"Tokens","Токени","Header.UserDropdown"
"Set recovery phrase","Постави фразу за опоравак","Header.UserDropdown"
"Log out of all users","","Header.UserDropdown"
"Log out","Одјави се","Header.UserDropdown"
"Log in","Пријави се","Header.UserDropdown"
"Create new user","Креирај новог корисника","Header.UserDropdown"
"Overview","Преглед","NavigationBar"
"User","Корисник","NavigationBar"
"Send","Пошаљи","NavigationBar"
"Transactions","Трансакције","NavigationBar"
"Address Book","Именик","NavigationBar"
"Settings","Подешавања","NavigationBar"
"Console","Конзола","NavigationBar"
"Lite mode","","LiteModeNotice"
"Lite mode is now available on Nexus Wallet! You can choose to enable lite mode now or just ignore it. You can change your decision anytime under Settings/Core.","","LiteModeNotice"
"Why you might want to enable lite mode","","LiteModeNotice"
"Nexus Core would take less resources (memory and storage) to run","","LiteModeNotice"
"Synchronization would be much faster","","LiteModeNotice"
"Why you might NOT want to enable lite mode","","LiteModeNotice"
"You would NOT be able to mine or stake","","LiteModeNotice"
"Legacy Mode would be disabled","","LiteModeNotice"
"Ignore","Игнориши","LiteModeNotice"
"Enable lite mode","","LiteModeNotice"
"Token balances","","Overview"
"The balance displayed might not be up-to-date since the wallet is not yet fully synchronized","Приказано стање можда није ажурно јер новчаник још увек није синхронизован","Overview"
"Balance","Стање","Overview"
"OTHER TOKENS","","Overview"
"NXS Balance","","Overview"
"%{token_name} balance","","Overview"
"This includes your unclaimed balance, unconfirmed balance and immature balance","","Overview"
"Incoming balances","Баланси у приспећу","Overview"
"Connections","Конекције","Overview"
"Last updated
%{time}","Последњи пут ажурирано
%{time}","Overview"
"Block Count","Број Блока","Overview"
"Market Price","Тржишна Цена","Overview"
"Market Cap","Тржишна Капитализација","Overview"
"24hr Change","Промена током 24 часа","Overview"
"Prime Difficulty","Тежина Примарног канала","Overview"
"Hash Difficulty","Тежина Хаш канала","Overview"
"Staking Difficulty","","Overview"
"Staking stats not yet available until you get a genesis transaction","","Overview"
"Stake Rate","Проценат удела","Overview"
"Block Weight","Величина блока","Overview"
"Trust Weight","Величина Поверења","Overview"
"Stake Weight","Величина Штедње","Overview"
"Invalid amount","Погрешан износ","Send"
"%{currency} amount","","Send"
"Amount","Iznos","Send"
"All","Све","Send"
"Expires in","","Send"
"The amount of time since the transaction is created after which the transaction can no longer be credited by the recipient.","","Send"
"Days","","Send"
"Hours","","Send"
"Minutes","","Send"
"Seconds","","Send"
"Send","Пошаљи","Send"
"Cannot move to the same account","Немогуће премештање на исти рачун","Send"
"Source and recipient must be of the same token","","Send"
"Send to","Пошаљи","Send"
"Recipient Name or Address","","Send"
"Your address book is empty","Ваш адресар је празан","Send"
"Create new contact","Направи нови контакт","Send"
"Recipient name cannot be resolved","","Send"
"Remove recipient","Уклони примаоца","Send"
"Reference must be an unsigned integer","","Send"
"Reference","","Send"
"An optional number which may be provided by the recipient to identify this transaction from the others, e.g. invoice number, order number, etc.","","Send"
"Ref. number (optional)","","Send"
"Accounts","Рачуни","Send"
"Unnamed account","Неименовани рачун","Send"
"Tokens","Токени","Send"
"Unnamed token","Неименовани токен","Send"
"Advanced options","","Send"
"Send from","Пошаљи са","Send"
"Select an account","Изабери рачун","Send"
"Add recipient","Додај примаоца","Send"
"Proceed","","Send"
"Unnamed token","Неименовани токен","PreviewTransaction"
"Unnamed account","Неименовани рачун","PreviewTransaction"
"From","Од","PreviewTransaction"
"To","За","PreviewTransaction"
"Amount","Iznos","PreviewTransaction"
"Reference","","PreviewTransaction"
"Expires","","PreviewTransaction"
"NO EXPIRY","","PreviewTransaction"
"Transaction never expires, and you won't be able to void it even if the recipient doesn't credit the transaction","","PreviewTransaction"
"in %{time_span}","","PreviewTransaction"
"You're sending","","PreviewTransaction"
"Transaction sent","Трансакција послата","PreviewTransaction"
"Error sending transaction","","PreviewTransaction"
"Enter your PIN to confirm","","PreviewTransaction"
"Sending transaction...","","PreviewTransaction"
"Send transaction","","PreviewTransaction"
"Select backup directory","Одабери директоријум за резервну копију","Settings.Application"
"Backup directory","Бекап директоријум","Settings.Application"
"Browse","Претражи","Settings.Application"
"Turn module open source policy on?","Укључи политику отвореног кода модула?","Settings.Application"
"All modules without open source verifications, possibly including your own under-development modules, will become invalid. Wallet must be refreshed for the change to take effect.","Сви модули без верификације отвореног кода, могуће укључујући ваше личне модуле у развоју, ће постати невалидни. Новчаник мора да се рефрешује да би промена била ефективна.","Settings.Application"
"Turn module open source policy off?","Искључи политику отвореног кода модула?","Settings.Application"
"This is only for module developers and can be dangerous for
            regular users. Please make sure you know what you are doing!","","Settings.Application"
"It would be much easier for a closed source module to hide
            malicious code than for an open source one. Therefore, in case you
            still want to disable this setting, it is highly recommended that
            you only install and run closed source modules that you are
            developing yourself.","","Settings.Application"
"Turn policy off","Искључи политику","Settings.Application"
"Keep policy on","Задржи политику","Settings.Application"
"Are you sure you want to disable auto update?","Да ли сте сигурни да желите да онемогућите ауто ажурирање?","Settings.Application"
"Keeping your wallet up-to-date is important for your security and will ensure that you get the best possible user experience.","Ажурност вашег новчаника је важна за вашу безбедност и омогућиће да добијете најбоље могуће корисничко искуство.","Settings.Application"
"Keep auto update On","Задржи ауто ажурирање на Укључено","Settings.Application"
"Turn auto update Off","Пребаци ауто ажурирање на Искључено","Settings.Application"
"Minimize on close","Минимизуј приликом затварања","Settings.Application"
"Minimize the wallet when closing the window instead of closing it.","Минимизуј новчаник када затвараш прозор уместо затварања.","Settings.Application"
"Open on startup","","Settings.Application"
"Open the wallet when ever the OS starts.","","Settings.Application"
"Auto update (Recommended)","Ауто ажурирање (Препоручено)","Settings.Application"
"Automatically check for new versions and notify if a new version is available.","Аутоматски провери и обавести ме ако постоји нова верзија.","Settings.Application"
"Allow Pre-releases","","Settings.Application"
"Accept pre-release versions (e.g. alpha, beta) when checking for updates.","","Settings.Application"
"Send anonymous usage data","Шаљи анонимне податке о употреби","Settings.Application"
"Send anonymous usage data to allow the Nexus developers to improve the wallet.","Шаљи анонимне податке коришћења да би омогућио Нексус девелоперима да побољшају новчаник.","Settings.Application"
"Base currency","Основна валута","Settings.Application"
"Developer mode","Развојни режим","Settings.Application"
"Development mode enables advanced features to aid in development. After enabling the wallet must be closed and reopened to enable those features.","Развојни мод омогућава напредне опције у развоју. Након омогућавања новчаник мора да се затвори и поново отвори да би се ове опције активирале.","Settings.Application"
"Module open source policy","Модул политике отвореног кода","Settings.Application"
"Only modules which have valid open source repositories are allowed to be installed and run. You can disable this option to test run the modules that you're developing","Само модули који имају валидан репозиторијум отвореног кода се могу инсталирати и покретати. Можеш да онемогућиш ову опцију да би тестирао модуле које развијаш","Settings.Application"
"Allow SymLink","Дозволи Симболичке Везе","Settings.Application"
"Allow the presence of SymLinks in the module directory","Дозволи присуство Симболичких Веза у директоријуму модула","Settings.Application"
"Switch language?","","Settings.Application"
"Translations for %{language} are contributed by our amazing community members","","Settings.Application"
"Switch to %{language}","","Settings.Application"
"Cancel","Откажи","Settings.Application"
"Language","Језик","Settings.Application"
"Verbose level","Опширан ниво","Settings.Core"
"Verbose level for logs.","Опширан ниво за логове.","Settings.Core"
"Core Data Directory","","Settings.Core"
"Where the blockchain data and your legacy wallet.dat are stored","","Settings.Core"
"Clear peer connections","Очисти пеер конекције","Settings.Core"
"Clear all stored peer connections and restart Nexus","Очисти све сачуване пеер конекције и рестартуј Нексус","Settings.Core"
"Clear","Обриши","Settings.Core"
"Lite mode","","Settings.Core"
"Nexus Core under lite mode runs lighter and synchronize much faster, but you will <b>NOT</b> be able to stake, mine, or switch the wallet to Legacy Mode.","","Settings.Core"
"Disabled when Multi-user mode is on","","Settings.Core"
"Resync database","","Settings.Core"
"Delete lite mode database and resynchronize from the beginning","","Settings.Core"
"Resynchronize","","Settings.Core"
"Multi-user","","Settings.Core"
"Allow multiple logged in users at the same time. Mining and staking will be unavailable.","","Settings.Core"
"Disabled when Lite mode is on","","Settings.Core"
"Enable staking","Дозволи штедњу","Settings.Core"
"Enable/Disable staking on the wallet.","Дозволи/Забрани штедњу у новчанику.","Settings.Core"
"Disabled when either Lite mode or Multi-user mode is on","","Settings.Core"
"Enable mining","Дозволи мајновање","Settings.Core"
"Enable/Disable mining to the wallet.","Дозволи/Забрани мајновање у новчаник.","Settings.Core"
"Mining IP Whitelist","Листа дозвољених ИП-ова за мајновање","Settings.Core"
"IP/Ports allowed to mine to. Separate by <b>;</b> . Wildcards supported only in IP","ИП/Портови којима је дозвољено да мајнују. Раздвој помоћу <b>;</b> . Вајлдкарте подржане само у ИП","Settings.Core"
"Safe Mode","","Settings.Core"
"Enables NextHash verification to protect against corruption, but adds computation time.","","Settings.Core"
"Are you sure you want to disable Safe Mode","","Settings.Core"
"Testnet Iteration","Итерације Тестнета","Settings.Core"
"The iteration of Testnet to connect to. Leave it blank to connect to mainnet.","","Settings.Core"
"Private testnet","","Settings.Core"
"Private testnet runs locally on your machine","","Settings.Core"
"API SSL Port","","Settings.Core"
"Nexus API server SSL Port","","Settings.Core"
"Use non-SSL Ports","","Settings.Core"
"Connect to Nexus Core using non-SSL Ports (less secured)","","Settings.Core"
"API non-SSL Port","","Settings.Core"
"Nexus API server non-SSL Port","","Settings.Core"
"Advanced","","Settings.Core"
"Allow advanced core options","","Settings.Core"
"Core Flags","","Settings.Core"
"Pass these flags to the core on start","","Settings.Core"
"Reload transaction history","Поново учитај историју трансакција","Settings.Core"
"Nexus Core will be restarted. Lite mode database will be deleted and resynchronized from the beginning.","","Settings.Core"
"Exit remote Core mode?","","Settings.Core"
"(This will restart your Core)","(Ово ће рестартовати твоје Језгро)","Settings.Core"
"Enter remote Core mode?","","Settings.Core"
"(Remote core will continue to run, but internal core will restart)","","Settings.Core"
"Core settings saved","Подешавања Језгра сачувана","Settings.Core"
"Restarting Core...","Рестартовање Језгра...","Settings.Core"
"Error saving settings","","Settings.Core"
"Embedded Core","","Settings.Core"
"Remote Core","","Settings.Core"
"Restart Core for these changes to take effect","Поново покрените Језгро да би ова промена постала ефективна","Settings.Core"
"Save settings","Сачувај подешавања","Settings.Core"
"IP address","IP адреса","Settings.Core"
"Remote Core IP address","","Settings.Core"
"API SSL","","Settings.Core"
"Use SSL for API calls","","Settings.Core"
"API Username","","Settings.Core"
"Nexus API server Username","","Settings.Core"
"API Password","","Settings.Core"
"Nexus API server Password","","Settings.Core"
"Log out on close","","Settings.Core"
"Log out of all users before closing the wallet","","Settings.Core"
"Settings","Подешавања","Settings"
"Application","Апликација","Settings"
"Core","Језгро","Settings"
"Style","Стил","Settings"
"Modules","Модули","Settings"
"Select development module directory","","Settings.Modules"
"Your module is still in development? <link>Add a development module</link>","","Settings.Modules"
"Select module archive file","Означи фајл модула архиве","Settings.Modules"
"Select module directory","Одабери директоријум модула","Settings.Modules"
"Add Module","Додај Модул","Settings.Modules"
"Checking module","Провера Модула","Settings.Modules"
"Drop here to install","Спусти овде за инсталацију","Settings.Modules"
"Select module's <file>archive file</file> or <dir>directory</dir>","Означи модулов <file>фајл архиве</file> или <dir>директоријум</dir>","Settings.Modules"
"or drag and drop it here","или превуци и спусти овде","Settings.Modules"
"Developed by Nexus","","Settings.Modules"
"Installed modules","","Settings.Modules"
"Failed to load %{moduleName}","","Settings.Modules"
"No modules have been installed","","Settings.Modules"
"Disable %{moduleName}?","Онемогући %{moduleName}?","Settings.Modules"
"Wallet will be automatically refreshed for the change to take effect","Новчаник ће аутоматски бити освежен да би промене постале ефективне","Settings.Modules"
"Enable %{moduleName}?","Омогући %{moduleName}?","Settings.Modules"
"This module was built for an incompatible wallet version","","Settings.Modules"
"Module is not open source","Модул нема отворени код","Settings.Modules"
"The provided repository is not verified to be the real source code of this module","Задати репозиторијум није верификован као извор кода за овај модул","Settings.Modules"
"%{version} update available","","Settings.Modules"
"development","","Settings.Modules"
"Cancel download","","Settings.Modules"
"Downloading %{percentage}%...","","Settings.Modules"
"Install","","Settings.Modules"
"Failed to load module","","Settings.Modules"
"Overwrite module?","Препиши модул?","Settings.Modules"
"A module with the same directory name already exists","Модул са идентичним именом директоријума већ постоји","Settings.Modules"
"Module has been successfully installed","Модул је успешно инсталиран","Settings.Modules"
"The wallet will now be refreshed for the new module to take effect","Новчаник ће сада бити рефрешован како би нови модул постао ефективан","Settings.Modules"
"Failed to install module","","Settings.Modules"
"Cannot find module","Не могу да пронађем модул","Settings.Modules"
"Unsupported file type","Неподржани тип фајла","Settings.Modules"
"Cannot install from this location","","Settings.Modules"
"Directory has already been added","","Settings.Modules"
"Failed to load development module","","Settings.Modules"
"A module with the same name already exists","","Settings.Modules"
"Development module has been added","","Settings.Modules"
"Cannot find module archive file among assets","","Settings.Modules"
"Error downloading module","","Settings.Modules"
"Module Details","Детаљи модула","ModuleDetails"
"Module name","Назив модула","ModuleDetails"
"Display name","Надимак за приказ","ModuleDetails"
"Module type","Тип модула","ModuleDetails"
"Description","Опис","ModuleDetails"
"Author","Аутор","ModuleDetails"
"Source code","Изворни код","ModuleDetails"
"Visit repository","Посети репозиторијум","ModuleDetails"
"Cancel download","","ModuleDetails"
"Downloading %{percentage}%...","","ModuleDetails"
"Install","","ModuleDetails"
"Remove module","","ModuleDetails"
"in development","","ModuleDetails"
"Entry","","ModuleDetails"
"Version","Верзија","ModuleDetails"
"Target wallet version","","ModuleDetails"
"incompatible","","ModuleDetails"
"This module is developed by Nexus","Овај модул је развијен од стране Нексуса","ModuleDetails"
"This repository does not exist or is private","Овај репозиторијум не постоји или је приватан","ModuleDetails"
"This repository is not verified to be the real source code of this module","Задати репозиторијум није верификован као прави извор кода за овај модул","ModuleDetails"
"Module hash","Хаш модула","ModuleDetails"
"Update to %{version}","","ModuleDetails"
"View the release","","ModuleDetails"
"Open App","","ModuleDetails"
"Module is disallowed","","ModuleDetails"
"Installing Module...","Инсталирам Модул...","ModuleDetails"
"Install Module","Инсталирај Модул","ModuleDetails"
"Warning: This module is written by a third party, Nexus is NOT
              responsible for its quality or legitimacy. Please make sure to do
              your due diligence before installing third party modules and use
              them with your own risk.","Упозорење: Овај модул је написан од стране трећих лица, Нексус НИЈЕ
                     одговоран за квалитет или легитимитет. Молимо будите сигурни да
                     вашу пажњу пре инсталирања и коришћења модула трећих лица
                     их на сопствени ризик.","ModuleDetails"
"Select wallpaper","","Settings.Style"
"Starry night","","Settings.Style"
"Cosmic light","Космичко светло","Settings.Style"
"Nexus.io","","Settings.Style"
"Custom wallpaper","Прилагођена позадина","Settings.Style"
"Select a custom wallpaper","Селектуј прилагођену позадину","Settings.Style"
"Select custom theme file","Изабери фајл са прилагођеном темом","Settings.Style"
"Theme exported","Тема је експортована","Settings.Style"
"Render globe","Рендеруј глобус","Settings.Style"
"Render the globe on the Overview page.","Рендеруј глобус на страници Преглед.","Settings.Style"
"Your computer does not support OPENGL 2.0","Твој компјутер не подржава OPENGL 2.0","Settings.Style"
"Overview Display","Прегледни Приказ","Settings.Style"
"Hide Overview balances","","Settings.Style"
"Hide the balances on the Overview page for privacy.","","Settings.Style"
"Nexus Addresses format","Формат Нексусове адресе","Settings.Style"
"Choose your Nexus Address display preference","Изаберите изглед преференци ваше Нексус адресе","Settings.Style"
"Sample Address","Узорак Адресе","Settings.Style"
"Wallet theme","","Settings.Style"
"Background","Позадина","Settings.Style"
"Customize your background wallpaper","Прилагоди своју позадину","Settings.Style"
"Color scheme","Шема боја","Settings.Style"
"Background Color","Боја позадине","Settings.Style"
"Foreground Color","Боја у првом плану","Settings.Style"
"Primary Color","Основна боја","Settings.Style"
"Primary Color Accent","Акценат Основне Боје","Settings.Style"
"Danger Color","Боја за Опасност","Settings.Style"
"Danger Color Accent","Акценат Боје за Опасност","Settings.Style"
"Globe Color","Боја Глобуса","Settings.Style"
"Globe Pillar Color","Боја Стубова на Глобусу","Settings.Style"
"Globe Arch Color","Архаична Боја Глобуса","Settings.Style"
"Import custom theme","Увези прилагођену тему","Settings.Style"
"Export custom theme","Извези прилагођену тему","Settings.Style"
"Dark","Тамно","Settings.Style"
"Light","Светло","Settings.Style"
"Custom","Прилагођено","Settings.Style"
"Console","Конзола","Console"
"Core output","Излаз Језгра","Console"
"CLI syntax","","Console.NexusAPI"
"URL syntax","","Console.NexusAPI"
"Execute","Изврши","Console.NexusAPI"
"API Documentation","АПИ Документација","Console.NexusAPI"
"Clear","Обриши","Console.NexusAPI"
"Core is in Manual Mode","Језгро је у Мануелном Моду","Console.CoreOutput"
"NXS balances","NXS баланс","Transactions.Balances"
"Total","Укупно","Transactions.Balances"
"Available","Доступно","Transactions.Balances"
"The current balance across all NXS accounts that is available to be spent","Тренутни баланс на свим NXS рачунима који је доступан за трошење","Transactions.Balances"
"Stake","Штедња","Transactions.Balances"
"The amount of NXS currently staked in the trust account","Количина NXS-а која је тренутно на штедњи на поверљивом рачуну","Transactions.Balances"
"Unclaimed","","Transactions.Balances"
"The sum of all debit and coinbase transactions made to your NXS accounts that are confirmed but have not yet been credited. This does NOT include immature and unconfirmed amounts","Сума свих дебитних и coinbase трансакција на твојим NXS рачунима који су потврђени али још нису кредитирани. Ово НЕ укључује несазреле и непотврђене износе","Transactions.Balances"
"Unconfirmed","Непотврђено","Transactions.Balances"
"The sum of all debit transactions made to your NXS accounts that are not confirmed, or credits you have made to your accounts that are not yet confirmed (not yet included in a block)","Сума свих дебитних трансакција на твојим NXS рачунима које нису потврђене, или кредити које си имао према својим рачунима али нису још потврђени (још увек нису убачени у блок)","Transactions.Balances"
"Immature","Незрело","Transactions.Balances"
"The sum of all coinbase transactions that have not yet reached maturity","Сума свих coinbase трансакција које још увек нису достигле зрелост","Transactions.Balances"
"%{token_name} balances","","Transactions.Balances"
"Legacy transaction","Легат трансакција","Transactions"
"Coinbase transaction","Coinbase трансакција","Transactions"
"View contract details","","Transactions"
"View transaction details","","Transactions"
"All","Све","Transactions"
"Past Year","Претходна година","Transactions"
"Past Month","Претходни месец","Transactions"
"Past Week","Претходна недеља","Transactions"
"Address","Адреса","Transactions"
"Search for account/token address","","Transactions"
"Select an address","","Transactions"
"Time span","Временски распон","Transactions"
"Operation","Операција","Transactions"
"Transactions","Трансакције","Transactions"
"Loading transactions...","Учитавање трансакција...","Transactions"
"Failed to load transactions","","Transactions"
"Previous","Претходно","Transactions"
"Page <page></page>","","Transactions"
"Next","Следеће","Transactions"
"Accounts","Рачуни","SelectAddress"
"Unnamed account","Неименовани рачун","SelectAddress"
"Tokens","Токени","SelectAddress"
"Contacts","","SelectAddress"
"My address for %{name}","Моја адреса за %{name}","SelectAddress"
"%{name}'s address","","SelectAddress"
"Unnamed account","Неименовани рачун","User.Accounts"
"Details","Детаљи","User.Accounts"
"Rename","","User.Accounts"
"Transaction History","","User.Accounts"
"Create new account","Направи нови налог","User.Accounts"
"Account Details","Детаљи рачуна","User.Accounts.AccountDetails"
"Account name","Назив рачуна","User.Accounts.AccountDetails"
"Unnamed","","User.Accounts.AccountDetails"
"Created at","Направљено у","User.Accounts.AccountDetails"
"Last modified","Последња измена","User.Accounts.AccountDetails"
"Token","Токен","User.Accounts.AccountDetails"
"Data","","User.Accounts.AccountDetails"
"Total account balance","Укупни баланс рачуна","User.Accounts.AccountDetails"
"Available balance","Доступно стање","User.Accounts.AccountDetails"
"Send %{token_name}","","User.Accounts.AccountDetails"
"Unclaimed balance","","User.Accounts.AccountDetails"
"Unconfirmed balance","Непотврђени баланс","User.Accounts.AccountDetails"
"Stake balance","Баланс на штедњи","User.Accounts.AccountDetails"
"Immature balance","Незрео Баланс","User.Accounts.AccountDetails"
"Address","Адреса","User.Accounts.AccountDetails"
"Adjust stake amount","Подесите износ штедње","User.Accounts.AccountDetails"
"Trust Account is empty.","Труст Рачун је празан.","User.Accounts.AccountDetails"
"Trust Account must mature for 72 hours before staking","Труст Рачун мора да матурира током 72 сата пре почетка штедње","User.Accounts.AccountDetails"
"Time","Време","User.Accounts.AccountHistory"
"Operation","Операција","User.Accounts.AccountHistory"
"From","Од","User.Accounts.AccountHistory"
"staking","","User.Accounts.AccountHistory"
"mining","","User.Accounts.AccountHistory"
"To","За","User.Accounts.AccountHistory"
"Change","Измени","User.Accounts.AccountHistory"
"Account History","Историја Рачуна","User.Accounts.AccountHistory"
"Loading account history","Учитавање историје рачуна","User.Accounts.AccountHistory"
"Account balance","Стање на рачуну","User.Accounts.AccountHistory"
"Show %{tokenName}","Прикажи %{tokenName}","User.Accounts.AccountHistory"
"Total","Укупно","User.Accounts.AccountHistory"
"Available","Доступно","User.Accounts.AccountHistory"
"Unclaimed","","User.Accounts.AccountHistory"
"Unconfirmed","Непотврђено","User.Accounts.AccountHistory"
"Stake","Штедња","User.Accounts.AccountHistory"
"Name already in use","","RenameAccount"
"The name you entered is already in use. Please choose another name.","","RenameAccount"
"Fee","Накнада","RenameAccount"
"Account has been renamed to %{account_name}","","RenameAccount"
"Rename account","","RenameAccount"
"Error renaming account","","RenameAccount"
"Account name","Назив рачуна","RenameAccount"
"Cancel","Откажи","RenameAccount"
"Renaming","","RenameAccount"
"Rename","","RenameAccount"
"Unnamed asset","","User.Assets"
"You own %{percentage}% of this asset","","User.Assets"
"Create new asset","","User.Assets"
"You don't own any asset","","User.Assets"
"Asset Details","","AssetDetails"
"Edit asset","","AssetDetails"
"Name","Име","AssetDetails"
"Address","Адреса","AssetDetails"
"Owner","","AssetDetails"
"Ownership","","AssetDetails"
"Created at","Направљено у","AssetDetails"
"Last modified","Последња измена","AssetDetails"
"View history","","AssetDetails"
"Tokenize","","AssetDetails"
"Transfer ownership","","AssetDetails"
"Name","Име","CreateAsset"
"Field name","","CreateAsset"
"Value","","CreateAsset"
"Field value","","CreateAsset"
"Mutable","","CreateAsset"
"Type","Тип","CreateAsset"
"Max. length","","CreateAsset"
"Only applicable to mutable string fields","","CreateAsset"
"Unlimited","","CreateAsset"
"Remove field","","CreateAsset"
"Add field","","CreateAsset"
"Create a new asset","","CreateAsset"
"New asset has been created","","CreateAsset"
"Error creating asset","","CreateAsset"
"Asset name","","CreateAsset"
"A local Name object register will be created for this asset name","","CreateAsset"
"Asset name (optional)","","CreateAsset"
"Asset data","","CreateAsset"
"Estimated fee","","CreateAsset"
"Creating asset","","CreateAsset"
"Create asset","","CreateAsset"
"Asset History Event","","AssetHistoryDetails"
"Type","Тип","AssetHistoryDetails"
"Time","Време","AssetHistoryDetails"
"Owner","","AssetHistoryDetails"
"Checksum","","AssetHistoryDetails"
"Name","Име","AssetHistoryDetails"
"Address","Адреса","AssetHistoryDetails"
"Time","Време","AssetHistory"
"Action","","AssetHistory"
"Register","","AssetHistory"
"Owner","","AssetHistory"
"Asset History","","AssetHistory"
"Loading asset history","","AssetHistory"
"Edit asset","","EditAsset"
"Asset has been updated","","EditAsset"
"Error updating asset","","EditAsset"
"Name","Име","EditAsset"
"Address","Адреса","EditAsset"
"Updating asset","","EditAsset"
"Update asset","","EditAsset"
"Tokenize asset","","TokenizeAsset"
"Asset has been tokenized","","TokenizeAsset"
"Error tokenizing asset","","TokenizeAsset"
"Asset name","","TokenizeAsset"
"Asset address","","TokenizeAsset"
"Token","Токен","TokenizeAsset"
"Token address","Адреса токена","TokenizeAsset"
"Tokenizing asset","","TokenizeAsset"
"Transfer asset","","TransferAsset"
"Asset has been transferred","","TransferAsset"
"Error transferring asset","","TransferAsset"
"Asset name","","TransferAsset"
"Asset address","","TransferAsset"
"Transfer to","","TransferAsset"
"Recipient username or user ID","","TransferAsset"
"Transferring asset","","TransferAsset"
"User","Корисник","User"
"User ID","Кориснички ИД","User"
"Accounts","Рачуни","User"
"Staking","Штедња","User"
"Tokens","Токени","User"
"Names","","User"
"Namespaces","","User"
"Assets","","User"
"Change password & PIN","Промени лозинку и ПИН","User"
"Change recovery phrase","Промени фразу за опоравак","User"
"Set recovery phrase","Постави фразу за опоравак","User"
"Start staking?","","User"
"You have %{amount} NXS in your trust account and can start staking now.","","User"
"However, keep in mind that if you start staking, your stake amount will be locked, and the smaller the amount is, the longer it would likely take to unlock it.","","User"
"To learn more about staking, visit <link>crypto.nexus.io/stake</link>.","","User"
"Don't show this again","Не приказуј ово поново","User"
"Start staking","","User"
"Don't stake","","User"
"User Failed to Unlock","","User"
"User Unlocked","","User"
"Indexing User...","","User"
"Change register address","","ChangeRegisterAddress"
"Name has been updated","","ChangeRegisterAddress"
"Error updating name","","ChangeRegisterAddress"
"Name","Име","ChangeRegisterAddress"
"Register address","","ChangeRegisterAddress"
"Register address that this name points to","","ChangeRegisterAddress"
"Name update fee","","ChangeRegisterAddress"
"Updating name","","ChangeRegisterAddress"
"Update name","","ChangeRegisterAddress"
"Local","","CreateName"
"Namespaced","","CreateName"
"Global","","CreateName"
"Namespace","","CreateName"
"A namespace you own","","CreateName"
"Name cannot start with a colon character","","CreateName"
"Create a new name","","CreateName"
"New name has been created","","CreateName"
"Error creating name","","CreateName"
"Name","Име","CreateName"
"name","","CreateName"
"namespace","","CreateName"
"Register address","","CreateName"
"Register address that this name points to","","CreateName"
"Name creation fee","","CreateName"
"Creating name","","CreateName"
"Create name","","CreateName"
"View name details","","User.Names"
"Change register address","","User.Names"
"Transfer name","","User.Names"
"Unused","","User.Names"
"Global","","User.Names"
"Namespaced","","User.Names"
"Local","","User.Names"
"Create new name","","User.Names"
"Show unused names","","User.Names"
"You don't own any name","","User.Names"
"Name Details","","NameDetails"
"Change register address","","NameDetails"
"Name","Име","NameDetails"
"Type","Тип","NameDetails"
"Global","","NameDetails"
"Namespaced","","NameDetails"
"Local","","NameDetails"
"Namespace","","NameDetails"
"Address","Адреса","NameDetails"
"Points to","","NameDetails"
"Created at","Направљено у","NameDetails"
"Last modified","Последња измена","NameDetails"
"View history","","NameDetails"
"Transfer ownership","","NameDetails"
"Name History Event","","NameHistoryDetails"
"Type","Тип","NameHistoryDetails"
"Time","Време","NameHistoryDetails"
"Owner","","NameHistoryDetails"
"Checksum","","NameHistoryDetails"
"Name","Име","NameHistoryDetails"
"Namespace","","NameHistoryDetails"
"Address","Адреса","NameHistoryDetails"
"Points to","","NameHistoryDetails"
"Time","Време","NameHistory"
"Action","","NameHistory"
"Register","","NameHistory"
"Owner","","NameHistory"
"Name History","","NameHistory"
"Loading name history","","NameHistory"
"Transfer name","","TransferName"
"Name has been transferred","","TransferName"
"Error transferring name","","TransferName"
"Name","Име","TransferName"
"Transfer to","","TransferName"
"Recipient username or user ID","","TransferName"
"Transferring name","","TransferName"
"Create a new namespace","","CreateNamespace"
"New namespace has been created","","CreateNamespace"
"Error creating namespace","","CreateNamespace"
"Name","Име","CreateNamespace"
"Namespace name","","CreateNamespace"
"Namespace names can only contain lowercase letters, numbers, and periods (.)","","CreateNamespace"
"Namespace creation fee","","CreateNamespace"
"Creating namespace","","CreateNamespace"
"Create namespace","","CreateNamespace"
"View name details","","User.Namespaces"
"Transfer namespace","","User.Namespaces"
"Create new namespace","","User.Namespaces"
"You don't own any namespace","","User.Namespaces"
"Namespace Details","","NamespaceDetails"
"Name","Име","NamespaceDetails"
"Address","Адреса","NamespaceDetails"
"Created at","Направљено у","NamespaceDetails"
"Last modified","Последња измена","NamespaceDetails"
"View history","","NamespaceDetails"
"Transfer ownership","","NamespaceDetails"
"Namespace History Event","","NamespaceHistoryDetails"
"Type","Тип","NamespaceHistoryDetails"
"Time","Време","NamespaceHistoryDetails"
"Owner","","NamespaceHistoryDetails"
"Checksum","","NamespaceHistoryDetails"
"Name","Име","NamespaceHistoryDetails"
"Address","Адреса","NamespaceHistoryDetails"
"Time","Време","NamespaceHistory"
"Action","","NamespaceHistory"
"Register","","NamespaceHistory"
"Owner","","NamespaceHistory"
"Namespace History","","NamespaceHistory"
"Loading namespace history","","NamespaceHistory"
"Transfer namespace","","TransferNamespace"
"Namespace has been transferred","","TransferNamespace"
"Error transferring namespace","","TransferNamespace"
"Namespace","","TransferNamespace"
"Transfer to","","TransferNamespace"
"Recipient username or user ID","","TransferNamespace"
"Transferring namespace","","TransferNamespace"
"The current NXS balance of the trust account that is not staked. You can spend this amount without affecting your Trust Score","Тренутни NXS баланс труст рачуна који није на штедњи. Можете да потрошите овај износ без утицаја на ваш Труст Скор","User.Staking"
"Balance that will be staked after the 72 holding period, any change to this balance will reset the hold timer","Баланс који ће бити на штедњи након периода од 72 сата чекања, било која промена овог баланса ће ресетовати тајмер чекања","User.Staking"
"Trust balance empty!","","User.Staking"
"You must send some NXS to your <b>trust</b> account first","","User.Staking"
"Start staking","","User.Staking"
"In order to start staking, the following settings need to be changed:","","User.Staking"
"Lite mode needs to be turned OFF","","User.Staking"
"Multi-user needs to be turned OFF","","User.Staking"
"Enable staking needs to be turned ON","","User.Staking"
"Apply changes","","User.Staking"
"Cancel","Откажи","User.Staking"
"Restarting Core","","User.Staking"
"Enter your PIN to start staking","","User.Staking"
"Staking will automatically start when your wallet is synchronized","","User.Staking"
"Error","Грешка","User.Staking"
"Stop staking?","","User.Staking"
"If you stop staking, stake amount will still stay locked. In case you want to unlock the stake amount, <link>set your stake amount to 0</link> and keep staking until the next Trust transaction is mined.","","User.Staking"
"Stop staking","","User.Staking"
"Staking is not available in private network","","User.Staking"
"Status","Статус","User.Staking"
"Staking","Штедња","User.Staking"
"pooled","","User.Staking"
"Not staking","Штедња није активна","User.Staking"
"Stake amount (locked)","","User.Staking"
"The amount of NXS currently staked in the trust account","Количина NXS-а која је тренутно на штедњи на поверљивом рачуну","User.Staking"
"Pending change","Промена на чекању","User.Staking"
"The pending stake amount change that will be applied on the next Trust transaction","Износ штедње на чекању који ће бити примењен приликом следеће Труст трансакције","User.Staking"
"Requested at","","User.Staking"
"Expired in","Истиче за","User.Staking"
"Stake Rate","Проценат удела","User.Staking"
"The current annual reward rate earned for staking","Тренутна годишња стопа за награде зарађене штедњом","User.Staking"
"Trust Weight","Величина Поверења","User.Staking"
"The percentage of the maximum Trust Score, which is gradually built over time when you consistently operate your node in an honest, trustworthy, and timely manner","Проценат максималног Труст Скора, који се постепено изграђује током времена када константно одржавате свој нод у поштеном, сигурном и сталном маниру","User.Staking"
"Block Weight","Величина блока","User.Staking"
"Block Weight depends on the time passed since you received a Trust transaction and will be reset everytime you receive a Trust transaction. Otherwise, Block Weight will reach 100% after 3 days and your Trust Score will start decaying until you receive another Trust transaction","Тежина Блока зависи од времена које је прошло од када сте примили Труст трансакцију и биће ресетован сваки пут када примите Труст трансакцију. У супротном, Тежина Блока ће достићи 100% након 3 дана и ваш Труст Скор ће почети да опада све док поново не примите нову Труст трансакцију","User.Staking"
"Stake Weight","Величина Штедње","User.Staking"
"Stake Weight depends on Trust Weight and Block Weight. Along with your Stake amount, Stake Weight affects how frequent you receive a Trust transaction","Тежина Штедње зависи од Тежине Труст-а и Тежине Блока. Уз износ ваше Штедње, Тежина Штедње утиче и на фреквенцију којом примате Труст трансакције","User.Staking"
"Available Balance","Доступно Стање","User.Staking"
"Adjust stake amount","Подесите износ штедње","User.Staking"
"Account on hold for another %{stakeSeconds} Seconds","Рачун на чекању за још %{stakeSeconds} секунди","User.Staking"
"Create new token","Креирај нови токен","User.Tokens"
"Look up a token","","User.Tokens"
"Unnamed token","Неименовани токен","User.Tokens"
" (Owned by you)"," (У вашем власништву)","User.Tokens"
"Details","Детаљи","User.Tokens"
"There is a %{tokenfee} NXS token creation fee, based on supply","Постоји %{tokenfee} NXS такса за креирање токена, базирана на доступности залиха","User.Tokens.NewToken"
"Must be an integer","","User.Tokens.NewToken"
"Supply cannot be zero or negative","","User.Tokens.NewToken"
"New Token","Нови Токен","User.Tokens.NewToken"
"Create a token without a name?","Креирај токен без имена?","User.Tokens.NewToken"
"Adding a name costs a NXS fee","Додавање имена вредности NXS накнаде","User.Tokens.NewToken"
"That's Ok","То је у реду","User.Tokens.NewToken"
"Cancel","Откажи","User.Tokens.NewToken"
"Add Name","Додај име","User.Tokens.NewToken"
"New token %{token} has been created","Нови токен %{token} је креиран","User.Tokens.NewToken"
"You have successfully created token %{token} ! Would you like to make an account for this token?","Успешно си креирао токен %{token} ! Да ли би желео да направиш рачун за овај токен?","User.Tokens.NewToken"
"Yes","Да","User.Tokens.NewToken"
"No","Не","User.Tokens.NewToken"
"Error creating token","Грешка при креирању токена","User.Tokens.NewToken"
"Token name","Име токена","User.Tokens.NewToken"
"Name Creation Fee: %{tokenFee} NXS (Optional)","Такса за Креирање Назива: %{tokenFee} NXS (Опционо)","User.Tokens.NewToken"
"New tokens's name","Назив новог токена","User.Tokens.NewToken"
"Supply","Залиха","User.Tokens.NewToken"
"Max amount of tokens available","Максимална количина доступних токена","User.Tokens.NewToken"
"Decimal","Децимални","User.Tokens.NewToken"
"Amount of significant digits a token can have","Број децимала које токен може да има","User.Tokens.NewToken"
"Create token","Креирај токен","User.Tokens.NewToken"
"Look up token","","User.Tokens.SearchToken"
"Error searching for token","Грешка приликом тражења токена","User.Tokens.SearchToken"
"Unknown token name/address","","User.Tokens.SearchToken"
"Name or address","","User.Tokens.SearchToken"
"Token name/address","","User.Tokens.SearchToken"
"Look up","","User.Tokens.SearchToken"
"Token Details","Детаљи Токена","User.Tokens.TokenDetails"
"Token name","Име токена","User.Tokens.TokenDetails"
"Token address","Адреса токена","User.Tokens.TokenDetails"
"Created at","Направљено у","User.Tokens.TokenDetails"
"Last modified","Последња измена","User.Tokens.TokenDetails"
"Token Owner","Власник Токена","User.Tokens.TokenDetails"
"Current Supply","Тренутне Залихе","User.Tokens.TokenDetails"
"Max Supply","Максимална Залиха","User.Tokens.TokenDetails"
"Decimals","Децимале","User.Tokens.TokenDetails"
"Balance","Стање","User.Tokens.TokenDetails"
"Unclaimed balance","","User.Tokens.TokenDetails"
"Unconfirmed balance","Непотврђени баланс","User.Tokens.TokenDetails"
"Create new account with this token","Направи нови рачун са овим токеном","User.Tokens.TokenDetails"
"Close","Затвори","User.Tokens.TokenDetails"
"Wallet version","Верзија новчаника","About"
"Wallet build date","Датум производње новчаника","About"
"Nexus Core version","Верзија Нексус Језгра","About"
"Core build date","Датум производње Језгра","About"
"Testnet","Тестнет","About"
"Private blockchain","Приватни блокчеин","About"
"Invalid address","Погрешна адреса","AddEditContact"
"This is not one of your addresses.","Ово није твоја адреса.","AddEditContact"
"This is one of your addresses.","Ово је једна од твојих адреса.","AddEditContact"
"My Nexus address for %{name}","Моја Нексус адреса за %{name}","AddEditContact"
"My Nexus address","Моја Нексус адреса","AddEditContact"
"%{name}'s Nexus address","%{name}-ова/ина Нексус адреса","AddEditContact"
"Their Nexus address","Њихова Нексус адреса","AddEditContact"
"Remove address","Уклони адресу","AddEditContact"
"Label (optional)","Лабела (опционо)","AddEditContact"
"Invalid user ID","","AddEditContact"
"Invalid email","Неважећа е-пошта","AddEditContact"
"A contact with the same name already exists.","Контакт са истим именом већ постоји.","AddEditContact"
"Edit contact","Уреди контакт","AddEditContact"
"Create new contact","Направи нови контакт","AddEditContact"
"At least one address is required.","","AddEditContact"
"Contact has been updated","Контакт је ажуриран","AddEditContact"
"New contact has been added to address book","Нови контакт је додат у именик","AddEditContact"
"Name","Име","AddEditContact"
"Contact name","Име контакта","AddEditContact"
"Nexus user ID","","AddEditContact"
"Email address","Адреса е-поште","AddEditContact"
"Phone number","Број телефона","AddEditContact"
"Time zone","Временска зона","AddEditContact"
"Select a time zone","Изабери временску зону","AddEditContact"
"Notes","Напомене","AddEditContact"
"Cancel","Откажи","AddEditContact"
"Reset","Ресетуј","AddEditContact"
"Save changes","Сачувај измене","AddEditContact"
"Create","Креирај","AddEditContact"
"Invalid number","Неважећи број","AdjustStake"
"Out of range","Ван опсега","AdjustStake"
"Set stake amount","Подесите износ штедње","AdjustStake"
"Reduce stake amount?","Смањите износ штедње?","AdjustStake"
"Reducing stake amount might make your Stake Rate decrease","Смањивање износа штедње може да учини да се ваша Каматна Стопа смањи","AdjustStake"
"Stake amount has been updated","Износ штедње је ажуриран","AdjustStake"
"Error setting stake amount","Грешка приликом подешавања износа штедње","AdjustStake"
"Note: This change will not take effect immediately but will stay pending until you get the next Trust transaction. The pending change will be recorded locally in this machine, therefore if you switch to another machine for staking, the change will not take effect.","Белешка: Ова промена неће постати ефективна одмах већ бити на чекању док не примите следећу Труст трансакцију. Промена на чекању ће бити забележена локално на овом рачунару, због тога ако се пребаците на други рачунар за штедњу, промена неће бити примењена.","AdjustStake"
"Cancel","Откажи","AdjustStake"
"Backing up...","Правим резервну копију...","Bootstrap"
"Preparing...","","Bootstrap"
"Downloading","Преузимање","Bootstrap"
"Decompressing...","Распакивање...","Bootstrap"
"Stopping Core...","Заустављање Језгра...","Bootstrap"
"Moving...","Премештам...","Bootstrap"
"Restarting Core...","Рестартовање Језгра...","Bootstrap"
"Rescanning Wallet...","Поновно скенирање новчаника...","Bootstrap"
"Cleaning up...","","Bootstrap"
"Backing up your wallet...","Бекаповање вашег новчаника...","Bootstrap"
"Downloading the database","Преузимање базе података","Bootstrap"
"Decompressing the database...","Распакивање базе података...","Bootstrap"
"Stopping Nexus Core...","Заустављање Нексус Језгра...","Bootstrap"
"Moving the database...","Премештање базе података...","Bootstrap"
"Restarting Nexus Core...","Рестартовање Нексу Језгра...","Bootstrap"
"Are you sure you want to abort the process?","Да ли сте сигурни да желите да зауставите процес?","Bootstrap"
"Yes, abort","Да, заустави","Bootstrap"
"No, let it continue","Не, нека настави","Bootstrap"
"Bootstrap Recent Database","Бутстрап Свеже Базе података","Bootstrap"
"Abort","Прекини","Bootstrap"
"Can not Bootstrap on Testnet/Private networks.","","Bootstrap"
"Not enough disk space! Minimum 15GB of free space is required.","Нема довољно места на диску! Неопходно је минимум 15GB слободног простора.","Bootstrap"
"Download recent database?","Преузми Свежу Базу података?","Bootstrap"
"Downloading a recent version of the database might reduce the time it takes to synchronize your wallet","Преузимање свеже верзије базе података може смањити време потребно за синхронизацију вашег новчаника","Bootstrap"
"Yes, let's bootstrap it","Да, бутстрапуј је","Bootstrap"
"No, let it sync","Не, остави да се синхронизује","Bootstrap"
"Bootstrap process has been aborted","Бутстрап процес је прекинут","Bootstrap"
"Error bootstrapping recent database","Грешка приликом бутстраповања свеже базе података","Bootstrap"
"Unknown error","Непозната грешка","Bootstrap"
"Recent database has been successfully bootstrapped","Свежа база података је успешно бутстрапована","Bootstrap"
"Change password and PIN","Промени лозинку и ПИН","ChangePassword&PIN"
"Password & PIN have been updated","Лозинка и ПИН су ажурирани","ChangePassword&PIN"
"Error updating password & PIN","Грешка приликом ажурирања лозинке и ПИН-а","ChangePassword&PIN"
"Current password","Тренутна лозинка","ChangePassword&PIN"
"Your current password","Ваша актуелна лозинка","ChangePassword&PIN"
"Current PIN","Актуелни ПИН","ChangePassword&PIN"
"Your current PIN","","ChangePassword&PIN"
"New Password","Нова лозинка","ChangePassword&PIN"
"Enter your new password","Унесите вашу нову лозинку","ChangePassword&PIN"
"New PIN","Нови ПИН","ChangePassword&PIN"
"Enter your new PIN","","ChangePassword&PIN"
"Updating","Ажурирање","ChangePassword&PIN"
"Update","Ажурирај","ChangePassword&PIN"
"Contract Details","Детаљи Уговора","ContractDetails"
"View transaction details","","ContractDetails"
"Yes","Да","ConfirmDialog"
"No","Не","ConfirmDialog"
"Password/PIN mismatch","Лозинка/ПИН се не слаже","ConfirmPassword&PIN"
"You have entered either your password or your PIN incorrectly, please re-check","Унели сте погрешну лозинку или ПИН, молим проверите","ConfirmPassword&PIN"
"Confirm password and PIN","Потврди лозинку и ПИН","ConfirmPassword&PIN"
"Enter your new password & new PIN once again to make sure you have entered them correctly","Унесите нову лозинку и нови ПИН још једанпут како би потврдили исправност уноса","ConfirmPassword&PIN"
"Enter your password & PIN once again to make sure you have entered them correctly","Унесите лозинку и ПИН још једанпут како би потврдили исправност уноса","ConfirmPassword&PIN"
"Password","Лозинка","ConfirmPassword&PIN"
"Re-enter your new password","Поново унесите нову лозинку","ConfirmPassword&PIN"
"Re-enter your password","Поново унесите своју лозинку","ConfirmPassword&PIN"
"PIN","ПИН","ConfirmPassword&PIN"
"Re-enter your new PIN","","ConfirmPassword&PIN"
"Re-enter your PIN","","ConfirmPassword&PIN"
"Confirm","Потврди","ConfirmPassword&PIN"
"Dismiss","Одбаци","ErrorDialog"
"Dismiss","Одбаци","InfoDialog"
"Confirm","Потврди","PinDialog"
"Enter PIN","","PinDialog"
"Your PIN","","PinDialog"
"Cancel","Откажи","PinDialog"
"Dismiss","Одбаци","SuccessDialog"
"Log in","Пријави се","Login"
"Logged in as %{username}","Пријављен као %{username}","Login"
"Not being fully synced may have caused this error.","","Login"
"Error logging in","Грешка приликом пријављивања","Login"
"Username","Корисничко име","Login"
"Enter your username","Унеси корисничко име","Login"
"Password","Лозинка","Login"
"Enter your password","Унеси своју лозинку","Login"
"PIN","ПИН","Login"
"Enter your PIN","","Login"
"Logging in","Пријављивање","Login"
"Forgot password?","Заборављена лозинка?","Login"
"Create new user","Креирај новог корисника","Login"
"Create an account without a name?","","NewAccount"
"Adding a name costs a NXS fee","Додавање имена вредности NXS накнаде","NewAccount"
"That's Ok","То је у реду","NewAccount"
"Cancel","Откажи","NewAccount"
"Unknown token name/address","","NewAccount"
"New account","Нови налог","NewAccount"
"New account %{account} has been created","Нови налог %{account} је креиран","NewAccount"
"Error creating account","Грешка приликом креирања налога","NewAccount"
"Account name (Optional)","","NewAccount"
"New account's name","Назив новог налога","NewAccount"
"Fee: %{nameFee} NXS","","NewAccount"
"Token name/address","","NewAccount"
"Creating account","Креирање налога","NewAccount"
"Create account","Креирај налог","NewAccount"
"Create new user","Креирај новог корисника","NewUser"
"Error creating user","Грешка при креирању корисника","NewUser"
"Username","Корисничко име","NewUser"
"A globally unique username","Глобално уникатно корисничко име","NewUser"
"Password","Лозинка","NewUser"
"Enter your password","Унеси своју лозинку","NewUser"
"PIN","ПИН","NewUser"
"Enter your PIN","","NewUser"
"Attention","Пажња","NewUser"
"Please be sure to make a note of your username, password, and PIN, and keep it in a safe place. If you lose or forget them you will be unable to access your account.","","NewUser"
"Creating user","Креирање корисника","NewUser"
"Create user","Креирај корисника","NewUser"
"Please wait, this may take up to 30 seconds","Молим сачекајте, ово може да траје до 30 секунди","NewUser"
"Log in","Пријави се","NewUser"
"User <b>%{username}</b> has been successfully registered","","NewUser"
"Waiting for user registration to be confirmed on Nexus blockchain...","","NewUser"
"Recover password and PIN","Поврати лозинку и ПИН","RecoverPassword&PIN"
"Password & PIN have been updated","Лозинка и ПИН су ажурирани","RecoverPassword&PIN"
"Error updating password & PIN","Грешка приликом ажурирања лозинке и ПИН-а","RecoverPassword&PIN"
"Username","Корисничко име","RecoverPassword&PIN"
"Your username","Ваше корисничко име","RecoverPassword&PIN"
"Recovery phrase","Фраза за опоравак","RecoverPassword&PIN"
"Your recovery phrase","Ваша фраза за опоравак","RecoverPassword&PIN"
"New Password","Нова лозинка","RecoverPassword&PIN"
"Enter your new password","Унесите вашу нову лозинку","RecoverPassword&PIN"
"New PIN","Нови ПИН","RecoverPassword&PIN"
"Enter your new PIN","","RecoverPassword&PIN"
"Recovering password & PIN","Опорављање лозинке и ПИН-а","RecoverPassword&PIN"
"Recover password & PIN","Опорави лозинку и ПИН","RecoverPassword&PIN"
"%{smart_count} word |||| %{smart_count} words","%{smart_count} реч |||| %{smart_count} речи","SetRecoveryPhrase"
"Recovery phrase","Фраза за опоравак","SetRecoveryPhrase"
"Recovery phrase has been updated","Фраза за опоравак је ажурирана","SetRecoveryPhrase"
"Error setting recovery phrase","Грешка приликом постављање фразе за опоравак","SetRecoveryPhrase"
"The recovery phrase can be used to recover your account and set a new password and PIN in the event that you lose or forget them. Your recovery phrase must be a minimum of 40 characters, and should ideally be made up of random words.","","SetRecoveryPhrase"
"<b>Save your new recovery phrase in a safe place</b>, because if you lose it, there will be <b>no way</b> to recover it.","","SetRecoveryPhrase"
"Password","Лозинка","SetRecoveryPhrase"
"Your current password","Ваша актуелна лозинка","SetRecoveryPhrase"
"PIN","ПИН","SetRecoveryPhrase"
"Your current PIN","","SetRecoveryPhrase"
"Current recovery phrase","Актуелна фраза за опоравак","SetRecoveryPhrase"
"Enter your recovery phrase","Унеси своју фразу за опоравак","SetRecoveryPhrase"
"Generate a recovery phrase","Генериши фразу за опоравак","SetRecoveryPhrase"
"New recovery phrase","Нова фраза за опоравак","SetRecoveryPhrase"
"Enter your new recovery phrase or click Generate","Унесите своју нову фразу за опоравак или кликните на Генериши","SetRecoveryPhrase"
"Setting recovery phrase","Постављање фразе за опоравак","SetRecoveryPhrase"
"Set recovery phrase","Постави фразу за опоравак","SetRecoveryPhrase"
"Confirm recovery phrase","","SetRecoveryPhrase"
"Enter your new recovery phrase again","","SetRecoveryPhrase"
"Cancel","Откажи","SetRecoveryPhrase"
"Recovery phrase confirmation doesn't match!","","SetRecoveryPhrase"
"Please make sure that you have a good backup of your recovery phrase and try again.","","SetRecoveryPhrase"
"Confirm","Потврди","SetRecoveryPhrase"
"Error loading transaction","","TransactionDetails"
"Transaction Details","","TransactionDetails"
"Time","Време","TransactionDetails"
"Sequence","Редослед","TransactionDetails"
"Type","Тип","TransactionDetails"
"Confirmations","Потврде","TransactionDetails"
"Transaction ID","ИД Трансакције","TransactionDetails"
"Loading transaction details...","Учитавање детаља трансакције...","TransactionDetails"
"Close the wallet and install update now?","Затвори новчаник и инсталирај ажурирања сада?","AutoUpdate"
"Close and install","Затвори и инсталирај","AutoUpdate"
"Install it later","Инсталирај касније","AutoUpdate"
"New wallet version %{version} - Click here to download","Нова верзија новчаника %{version} - Кликни овде за преузимање","AutoUpdate"
"New wallet version %{version} - Click here to update","Нова верзија новчаника %{version} - Кликни овде за ажурирање","AutoUpdate"
"New wallet version %{version} available. Downloading...","Нова верзија новчаника %{version} - доступна. Преузимам...","AutoUpdate"
